"city";"count";"uf";"country";"latitude";"longitude"
"cruzeiro do sul";4;"acre";"brazil";-7.62759;-72.67756
"rio branco";18;"acre";"brazil";-9.97472;-67.81
"sena madureira";1;"acre";"brazil";-9.06341;-68.67245
"tarauacá";1;"acre";"brazil";-8.16139;-70.76556
"arapiraca";9;"alagoas";"brazil";-9.7525;-36.66111
"campo alegre";1;"alagoas";"brazil";-9.78194;-36.35083
"maceió";32;"alagoas";"brazil";-9.66583;-35.73528
"murici";1;"alagoas";"brazil";-9.30667;-35.94333
"penedo";4;"alagoas";"brazil";-10.29028;-36.58639
"rio largo";1;"alagoas";"brazil";-9.47833;-35.85333
"são miguel dos campos";1;"alagoas";"brazil";-9.78111;-36.09361
"alajuela";1;"alajuela";"costa rica";10.01625;-84.21163
"cairo";1;"al qāhirah";"egypt";30.06263;31.24967
"strasbourg";2;"alsace";"france";48.58392;7.74553
"macapá";12;"amapá";"brazil";0.03889;-51.06639
"humaitá";3;"amazonas";"brazil";-7.51651;-63.03105
"itacoatiara";1;"amazonas";"brazil";-3.14306;-58.44417
"manacapuru";1;"amazonas";"brazil";-3.29972;-60.62056
"manaus";59;"amazonas";"brazil";-3.10194;-60.025
"maués";1;"amazonas";"brazil";-3.38361;-57.71861
"são gabriel da cachoeira";1;"amazonas";"brazil";-0.1181;-67.08527
"tefé";1;"amazonas";"brazil";-3.36841;-64.72054
"chimbote";1;"ancash";"peru";-9.08528;-78.57833
"jerez de la frontera";1;"andalusia";"spain";36.68645;-6.13606
"foggia";2;"apulia";"italy";41.45845;15.55188
"temuco";1;"araucanía";"chile";-38.73965;-72.59842
"arequipa";6;"arequipa";"peru";-16.39889;-71.535
"mollendo";1;"arequipa";"peru";-17.02306;-72.01472
"arica";1;"arica y parinacota";"chile";-18.4746;-70.29792
"mesa";1;"arizona";"united states";33.42227;-111.82264
"tucson";2;"arizona";"united states";32.22174;-110.92648
"artigas";1;"artigas";"uruguay";-30.4;-56.46667
"asunción";1;"asunción";"paraguay";-25.30066;-57.63591
"aveiro";1;"aveiro";"portugal";40.64427;-8.64554
"esslingen";2;"baden-württemberg region";"germany";48.73961;9.30473
"freiburg";1;"baden-württemberg region";"germany";47.9959;7.85222
"karlsruhe";1;"baden-württemberg region";"germany";49.00937;8.40444
"stuttgart";3;"baden-württemberg region";"germany";48.78232;9.17702
"palma";1;"balearic islands";"spain";39.56939;2.65024
"aschaffenburg";1;"bavaria";"germany";49.97704;9.15214
"coburg";1;"bavaria";"germany";50.25937;10.96384
"erlangen";1;"bavaria";"germany";49.59099;11.00783
"karlstadt";1;"bavaria";"germany";49.96034;9.77239
"würzburg";1;"bavaria";"germany";49.79391;9.95121
"beijing";1;"beijing";"china";39.9075;116.39723
"lobito";1;"benguela";"angola";-12.3644;13.53601
"goa";1;"bicol";"philippines";13.6978;123.4892
"cañete";1;"biobío";"chile";-37.80128;-73.39616
"chillán";1;"biobío";"chile";-36.60664;-72.10344
"talcahuano";1;"biobío";"chile";-36.72494;-73.11684
"boaco";1;"boaco";"nicaragua";12.47224;-85.6586
"bogotá";15;"bogota d.c.";"colombia";4.60971;-74.08175
"dijon";2;"bourgogne";"france";47.31667;5.01667
"sogamoso";1;"boyacá";"colombia";5.71434;-72.93391
"braga";3;"braga";"portugal";41.55032;-8.42005
"cranbrook";1;"british columbia";"canada";49.49991;-115.76879
"quimper";1;"brittany";"france";48;-4.1
"budapest";2;"budapest";"hungary";47.49801;19.03991
"chivilcoy";1;"buenos aires";"argentina";-34.89566;-60.01667
"mar del plata";2;"buenos aires";"argentina";-38.00228;-57.55754
"olavarría";1;"buenos aires";"argentina";-36.89272;-60.32254
"tandil";1;"buenos aires";"argentina";-37.32167;-59.13316
"buenos aires";30;"buenos aires f.d.";"argentina";-34.61315;-58.37723
"cabinda";1;"cabinda";"angola";-5.55;12.2
"cajamarca";1;"cajamarca";"peru";-7.16378;-78.50027
"manizales";2;"caldas";"colombia";5.06889;-75.51738
"nuevitas";1;"camagüey";"cuba";21.54528;-77.26444
"salerno";1;"campania";"italy";40.67545;14.79328
"santander";2;"cantabria";"spain";43.46472;-3.80444
"covilhã";1;"castelo branco";"portugal";40.28601;-7.50396
"reus";1;"catalonia";"spain";41.15612;1.10687
"acaraú";1;"ceará";"brazil";-2.88556;-40.12
"aracati";1;"ceará";"brazil";-4.56167;-37.76972
"barbalha";2;"ceará";"brazil";-7.31111;-39.30417
"baturité";2;"ceará";"brazil";-4.32861;-38.88472
"brejo santo";2;"ceará";"brazil";-7.49333;-38.98722
"camocim";3;"ceará";"brazil";-2.90222;-40.84111
"campos sales";1;"ceará";"brazil";-7.07444;-40.37611
"crateús";1;"ceará";"brazil";-5.17833;-40.6775
"crato";7;"ceará";"brazil";-7.23417;-39.40944
"fortaleza";242;"ceará";"brazil";-3.71722;-38.54306
"guaraciaba do norte";1;"ceará";"brazil";-4.16694;-40.7475
"icó";1;"ceará";"brazil";-6.40111;-38.86222
"iguatu";5;"ceará";"brazil";-6.35944;-39.29861
"ipu";1;"ceará";"brazil";-4.32222;-40.71083
"itapipoca";1;"ceará";"brazil";-3.49444;-39.57861
"jaguaribe";1;"ceará";"brazil";-5.89056;-38.62194
"juazeiro do norte";8;"ceará";"brazil";-7.21306;-39.31528
"limoeiro do norte";5;"ceará";"brazil";-5.14556;-38.09806
"mombaça";3;"ceará";"brazil";-5.74306;-39.6275
"morada nova";1;"ceará";"brazil";-5.10667;-38.3725
"nova russas";2;"ceará";"brazil";-4.70667;-40.56306
"orós";1;"ceará";"brazil";-6.24444;-38.91361
"pacajus";1;"ceará";"brazil";-4.1725;-38.46056
"pentecoste";1;"ceará";"brazil";-3.79278;-39.27028
"quixadá";3;"ceará";"brazil";-4.97139;-39.01528
"quixeramobim";3;"ceará";"brazil";-5.19917;-39.29278
"russas";2;"ceará";"brazil";-4.94028;-37.97583
"santa quitéria";2;"ceará";"brazil";-4.33194;-40.15667
"senador pompeu";1;"ceará";"brazil";-5.58806;-39.37167
"sobral";3;"ceará";"brazil";-3.68611;-40.34972
"tianguá";1;"ceará";"brazil";-3.73222;-40.99167
"mexico";5;"central luzon";"philippines";15.0646;120.7198
"thessaloníki";1;"central macedonia";"greece";40.64361;22.93086
"melo";2;"cerro largo";"uruguay";-32.36667;-54.18333
"resistencia";1;"chaco";"argentina";-27.46056;-58.98389
"riobamba";1;"chimborazo";"ecuador";-1.67098;-78.64712
"havana";5;"ciudad de la habana";"cuba";23.13302;-82.38304
"dej";1;"cluj";"romania";47.15;23.86667
"cochabamba";3;"cochabamba";"bolivia";-17.3895;-66.1568
"coimbra";2;"coimbra";"portugal";40.20564;-8.41955
"carmelo";1;"colonia";"uruguay";-34.00023;-58.28402
"morteros";1;"córdoba";"argentina";-30.71164;-61.99862
"zipaquirá";1;"cundinamarca";"colombia";5.02208;-74.00481
"cusco";8;"cusco";"peru";-13.52264;-71.96734
"caldas";1;"departamento de antioquia";"colombia";6.09106;-75.63569
"envigado";1;"departamento de antioquia";"colombia";6.17591;-75.59174
"medellín";5;"departamento de antioquia";"colombia";6.25184;-75.56359
"caracas";4;"distrito federal";"venezuela";10.48801;-66.87919
"bologna";1;"emilia-romagna";"italy";44.49381;11.33875
"ferrara";1;"emilia-romagna";"italy";44.84346;11.60868
"modena";1;"emilia-romagna";"italy";44.64783;10.92539
"blackburn";1;"england";"united kingdom";53.75;-2.48333
"burton upon trent";1;"england";"united kingdom";52.80728;-1.64263
"hitchin";1;"england";"united kingdom";51.94924;-0.28496
"leeds";1;"england";"united kingdom";53.79648;-1.54785
"southampton";1;"england";"united kingdom";50.90395;-1.40428
"gualeguay";1;"entre ríos";"argentina";-33.14156;-59.30966
"paraná";1;"entre ríos";"argentina";-31.73197;-60.5238
"alegre";7;"espírito santo";"brazil";-20.76361;-41.53306
"aracruz";2;"espírito santo";"brazil";-19.82028;-40.27333
"barra de são francisco";1;"espírito santo";"brazil";-18.755;-40.89083
"cachoeiro de itapemirim";13;"espírito santo";"brazil";-20.84889;-41.11278
"castelo";1;"espírito santo";"brazil";-20.60361;-41.18472
"colatina";9;"espírito santo";"brazil";-19.53944;-40.63056
"conceição da barra";2;"espírito santo";"brazil";-18.59333;-39.73222
"guaçuí";2;"espírito santo";"brazil";-20.77556;-41.67944
"guarapari";1;"espírito santo";"brazil";-20.65367;-40.50204
"linhares";4;"espírito santo";"brazil";-19.39111;-40.07222
"são mateus";2;"espírito santo";"brazil";-18.72011;-39.85891
"vila velha";7;"espírito santo";"brazil";-20.32972;-40.2925
"vitória";58;"espírito santo";"brazil";-20.31944;-40.33778
"alagoinhas";1;"estado de bahía";"brazil";-12.13556;-38.41917
"amargosa";1;"estado de bahía";"brazil";-13.03028;-39.60472
"barreiras";3;"estado de bahía";"brazil";-12.15278;-44.99
"bom jesus da lapa";1;"estado de bahía";"brazil";-13.255;-43.41806
"cachoeira";2;"estado de bahía";"brazil";-12.61833;-38.95583
"caetité";1;"estado de bahía";"brazil";-14.06944;-42.475
"campo formoso";3;"estado de bahía";"brazil";-10.5075;-40.32139
"canavieiras";1;"estado de bahía";"brazil";-15.675;-38.94722
"catu";1;"estado de bahía";"brazil";-12.35306;-38.37889
"conceição da feira";1;"estado de bahía";"brazil";-12.50583;-38.99861
"cruz das almas";7;"estado de bahía";"brazil";-12.67;-39.10194
"entre rios";1;"estado de bahía";"brazil";-11.94194;-38.08444
"esplanada";2;"estado de bahía";"brazil";-11.79611;-37.945
"feira de santana";25;"estado de bahía";"brazil";-12.26667;-38.96667
"gandu";1;"estado de bahía";"brazil";-13.74389;-39.48667
"guanambi";1;"estado de bahía";"brazil";-14.22333;-42.78139
"ibotirama";1;"estado de bahía";"brazil";-12.18528;-43.22056
"ilhéus";7;"estado de bahía";"brazil";-14.79364;-39.03949
"ipiaú";1;"estado de bahía";"brazil";-14.13341;-39.73708
"ipirá";2;"estado de bahía";"brazil";-12.15833;-39.73722
"irecê";2;"estado de bahía";"brazil";-11.30417;-41.85583
"itaberaba";2;"estado de bahía";"brazil";-12.5275;-40.30694
"itabuna";21;"estado de bahía";"brazil";-14.78556;-39.28028
"itambé";1;"estado de bahía";"brazil";-15.245;-40.62444
"itapetinga";3;"estado de bahía";"brazil";-15.24889;-40.24778
"ituberá";1;"estado de bahía";"brazil";-13.73222;-39.14917
"jacobina";4;"estado de bahía";"brazil";-11.18143;-40.51372
"jaguarari";1;"estado de bahía";"brazil";-10.26389;-40.19583
"jequié";4;"estado de bahía";"brazil";-13.85875;-40.08512
"maracás";2;"estado de bahía";"brazil";-13.44111;-40.43083
"muritiba";1;"estado de bahía";"brazil";-12.91667;-39.25
"nazaré";4;"estado de bahía";"brazil";-13.035;-39.01444
"paulo afonso";5;"estado de bahía";"brazil";-9.40611;-38.21472
"piritiba";1;"estado de bahía";"brazil";-11.73028;-40.55528
"poções";3;"estado de bahía";"brazil";-14.52972;-40.36528
"ribeira do pombal";2;"estado de bahía";"brazil";-10.83444;-38.53583
"salvador";170;"estado de bahía";"brazil";-12.97111;-38.51083
"santaluz";1;"estado de bahía";"brazil";-11.25583;-39.37472
"santa maria da vitória";2;"estado de bahía";"brazil";-13.39472;-44.18861
"santo amaro";1;"estado de bahía";"brazil";-12.54667;-38.71194
"santo antônio de jesus";1;"estado de bahía";"brazil";-12.96889;-39.26139
"santo estêvão";1;"estado de bahía";"brazil";-12.43028;-39.25139
"senhor do bonfim";2;"estado de bahía";"brazil";-10.46139;-40.18944
"serrinha";2;"estado de bahía";"brazil";-11.66417;-39.0075
"sobradinho";9;"estado de bahía";"brazil";-12.83333;-39.1
"tapiramutá";1;"estado de bahía";"brazil";-11.84722;-40.79139
"ubaitaba";1;"estado de bahía";"brazil";-14.3125;-39.32333
"vera cruz";2;"estado de bahía";"brazil";-12.63333;-41.03333
"vitória da conquista";9;"estado de bahía";"brazil";-14.86611;-40.83944
"aquidauana";4;"estado de mato grosso do sul";"brazil";-20.47111;-55.78722
"bela vista";3;"estado de mato grosso do sul";"brazil";-22.10889;-56.52111
"campo grande";38;"estado de mato grosso do sul";"brazil";-20.44278;-54.64639
"corumbá";5;"estado de mato grosso do sul";"brazil";-19.00917;-57.65333
"dourados";14;"estado de mato grosso do sul";"brazil";-22.22111;-54.80556
"paranaíba";2;"estado de mato grosso do sul";"brazil";-19.67722;-51.19083
"ponta porã";3;"estado de mato grosso do sul";"brazil";-22.53611;-55.72556
"três lagoas";10;"estado de mato grosso do sul";"brazil";-20.78741;-51.70406
"barquisimeto";1;"estado lara";"venezuela";10.07389;-69.32278
"santa teresa";4;"estado miranda";"venezuela";10.23409;-66.66308
"maturín";1;"estado monagas";"venezuela";9.74569;-63.18323
"maracaibo";1;"estado zulia";"venezuela";10.63167;-71.64056
"évora";4;"évora";"portugal";38.56667;-7.9
"cáceres";3;"extremadura";"spain";39.47649;-6.37224
"brasília";104;"federal district";"brazil";-15.77972;-47.92972
"kortrijk";1;"flanders";"belgium";50.82803;3.26487
"londerzeel";1;"flanders";"belgium";51.00468;4.30304
"besançon";2;"franche-comté";"france";47.24878;6.01815
"tegucigalpa";1;"francisco morazán";"honduras";14.0818;-87.20681
"hamburg";1;"free and hanseatic city of hamburg";"germany";53.57532;10.01534
"trieste";1;"friuli venezia giulia";"italy";45.64325;13.7903
"ferrol";1;"galicia";"spain";43.48321;-8.23689
"vigo";1;"galicia";"spain";42.23282;-8.72264
"lanzhou";1;"gansu sheng";"china";36.05701;103.83987
"nijmegen";1;"gelderland";"netherlands";51.8425;5.85278
"genève";1;"geneva";"switzerland";46.20222;6.14569
"anápolis";15;"goiás";"brazil";-16.32667;-48.95278
"anicuns";1;"goiás";"brazil";-16.46111;-49.96167
"aragarças";1;"goiás";"brazil";-15.8975;-52.25083
"catalão";5;"goiás";"brazil";-18.16583;-47.94639
"goianésia";1;"goiás";"brazil";-15.3175;-49.1175
"goiânia";89;"goiás";"brazil";-16.67861;-49.25389
"goiás";2;"goiás";"brazil";-15.93444;-50.14028
"goiatuba";3;"goiás";"brazil";-18.0125;-49.35472
"inhumas";2;"goiás";"brazil";-16.35778;-49.49611
"ipameri";4;"goiás";"brazil";-17.72194;-48.15972
"iporá";3;"goiás";"brazil";-16.44194;-51.11778
"itapuranga";1;"goiás";"brazil";-15.56222;-49.94861
"itumbiara";1;"goiás";"brazil";-18.41917;-49.21528
"jaraguá";2;"goiás";"brazil";-15.75694;-49.33444
"jataí";3;"goiás";"brazil";-17.87939;-51.72166
"morrinhos";1;"goiás";"brazil";-17.73111;-49.09944
"nerópolis";1;"goiás";"brazil";-16.40639;-49.21861
"piracanjuba";3;"goiás";"brazil";-17.30278;-49.01667
"pires do rio";3;"goiás";"brazil";-17.29972;-48.27944
"planaltina";1;"goiás";"brazil";-15.45278;-47.61417
"porangatu";1;"goiás";"brazil";-13.44083;-49.14861
"quirinópolis";1;"goiás";"brazil";-18.44833;-50.45167
"rubiataba";1;"goiás";"brazil";-15.16444;-49.80333
"são luís de montes belos";1;"goiás";"brazil";-16.525;-50.37222
"bayamo";1;"granma";"cuba";20.37917;-76.64333
"leszno";1;"greater poland voivodeship";"poland";51.84034;16.57494
"guantánamo";2;"guantánamo";"cuba";20.14444;-75.20917
"guayaquil";1;"guayas";"ecuador";-2.20584;-79.90795
"guiyang";1;"guizhou sheng";"china";26.58333;106.71667
"sūrat";1;"gujarāt";"india";21.19594;72.83023
"darmstadt";1;"hesse";"germany";49.87167;8.65027
"frankfurt am main";1;"hesse";"germany";50.11552;8.68417
"wiesbaden";1;"hesse";"germany";50.08258;8.24932
"holguín";3;"holguín";"cuba";20.88722;-76.26306
"huambo";2;"huambo";"angola";-12.77611;15.73917
"huancavelica";1;"huancavelica";"peru";-12.78261;-74.97266
"huánuco";1;"huanuco";"peru";-9.93062;-76.24223
"kobe";1;"hyōgo";"japan";34.6913;135.183
"ica";2;"ica";"peru";-14.06777;-75.72861
"antony";1;"île-de-france";"france";48.75;2.3
"boulogne-billancourt";1;"île-de-france";"france";48.83333;2.25
"colombes";1;"île-de-france";"france";48.91882;2.25404
"le plessis-trévise";1;"île-de-france";"france";48.81074;2.57363
"le vésinet";1;"île-de-france";"france";48.89281;2.13308
"melun";1;"île-de-france";"france";48.53333;2.66667
"sèvres";1;"île-de-france";"france";48.82292;2.21757
"versailles";2;"île-de-france";"france";48.8;2.13333
"chicago";2;"illinois";"united states";41.85003;-87.65005
"sioux city";1;"iowa";"united states";42.49999;-96.40031
"san salvador de jujuy";1;"jujuy";"argentina";-24.19457;-65.29712
"huancayo";3;"junín";"peru";-12.06513;-75.20486
"kaohsiung";1;"kaohsiung";"taiwan";22.61626;120.31333
"bangalore";1;"karnātaka";"india";12.97194;77.59369
"hubli";1;"karnātaka";"india";15.34776;75.13378
"thiruvananthapuram";1;"kerala";"india";8.4855;76.94924
"merefa";1;"kharkivs’ka oblast’";"ukraine";49.82302;36.05069
"chiclayo";1;"lambayeque";"peru";-6.77137;-79.84088
"lambayeque";1;"lambayeque";"peru";-6.70111;-79.90611
"béziers";1;"languedoc-roussillon";"france";43.34122;3.21402
"logroño";1;"la rioja";"spain";42.46667;-2.45
"rieti";1;"latium";"italy";42.42277;12.91436
"leiria";1;"leiria";"portugal";39.74362;-8.80705
"amadora";1;"lisbon";"portugal";38.75382;-9.23083
"loures";1;"lisbon";"portugal";38.83091;-9.16845
"queluz";1;"lisbon";"portugal";38.75657;-9.25451
"busto arsizio";1;"lombardy";"italy";45.61128;8.84914
"milano";1;"lombardy";"italy";45.46427;9.18951
"iquitos";2;"loreto";"peru";-3.74912;-73.25383
"metz";1;"lorraine";"france";49.11911;6.17269
"nancy";1;"lorraine";"france";48.68439;6.18496
"puerto montt";1;"los lagos";"chile";-41.46574;-72.94289
"valdivia";1;"los ríos";"chile";-39.81422;-73.24589
"hannover";1;"lower saxony";"germany";52.37052;9.73322
"luanda";1;"luanda";"angola";-8.83682;13.23432
"gwalior";1;"madhya pradesh";"india";26.22983;78.17337
"punta arenas";1;"magallanes";"chile";-53.15483;-70.91129
"pune";1;"mahārāshtra";"india";18.51957;73.85535
"maldonado";1;"maldonado";"uruguay";-34.9;-54.95
"imphal";1;"manipur";"india";24.80805;93.9442
"maputo";1;"maputo city";"mozambique";-25.96553;32.58322
"arari";1;"maranhão";"brazil";-3.45361;-44.78
"bacabal";3;"maranhão";"brazil";-4.29167;-44.79167
"barra do corda";2;"maranhão";"brazil";-5.50308;-45.23693
"barreirinhas";1;"maranhão";"brazil";-2.75556;-42.82591
"caxias";1;"maranhão";"brazil";-4.85889;-43.35611
"codó";3;"maranhão";"brazil";-4.45528;-43.88556
"coroatá";2;"maranhão";"brazil";-4.13;-44.12417
"grajaú";1;"maranhão";"brazil";-5.81944;-46.13861
"imperatriz";4;"maranhão";"brazil";-5.52639;-47.49167
"lago da pedra";1;"maranhão";"brazil";-4.28674;-45.23824
"pinheiro";1;"maranhão";"brazil";-2.52139;-45.0825
"presidente dutra";2;"maranhão";"brazil";-5.29;-44.49
"santa helena";2;"maranhão";"brazil";-2.23111;-45.3
"são josé de ribamar";1;"maranhão";"brazil";-2.56194;-44.05417
"são luís";53;"maranhão";"brazil";-2.52972;-44.30278
"delījān";1;"markazi";"iran";33.9905;50.6838
"baltimore";1;"maryland";"united states";39.29038;-76.61219
"matanzas";1;"matanzas";"cuba";23.04111;-81.5775
"cuiabá";27;"mato grosso";"brazil";-15.59611;-56.09667
"poconé";1;"mato grosso";"brazil";-16.25667;-56.62278
"rondonópolis";3;"mato grosso";"brazil";-16.47083;-54.63556
"schwerin";1;"mecklenburg-vorpommern";"germany";53.62937;11.41316
"detroit";1;"michigan";"united states";42.33143;-83.04575
"albi";1;"midi-pyrénées";"france";43.9298;2.148
"toulouse";2;"midi-pyrénées";"france";43.60426;1.44367
"aimorés";4;"minas gerais";"brazil";-19.49583;-41.06389
"alfenas";10;"minas gerais";"brazil";-21.42917;-45.94722
"andradas";3;"minas gerais";"brazil";-22.06806;-46.56917
"araçuaí";1;"minas gerais";"brazil";-16.84972;-42.07028
"araguari";10;"minas gerais";"brazil";-18.64722;-48.18722
"araxá";11;"minas gerais";"brazil";-19.59333;-46.94056
"bambuí";2;"minas gerais";"brazil";-20.00639;-45.97694
"barão de cocais";1;"minas gerais";"brazil";-19.94583;-43.48722
"barbacena";12;"minas gerais";"brazil";-21.22583;-43.77361
"belo horizonte";358;"minas gerais";"brazil";-19.92083;-43.93778
"boa esperança";3;"minas gerais";"brazil";-21.09;-45.56583
"bocaiúva";4;"minas gerais";"brazil";-17.10778;-43.815
"bom despacho";2;"minas gerais";"brazil";-19.73639;-45.25222
"brumadinho";1;"minas gerais";"brazil";-20.14333;-44.19972
"caeté";3;"minas gerais";"brazil";-19.88;-43.66972
"cambuí";1;"minas gerais";"brazil";-22.61222;-46.0575
"campo belo";4;"minas gerais";"brazil";-20.89722;-45.27722
"campos gerais";3;"minas gerais";"brazil";-21.235;-45.75861
"capelinha";1;"minas gerais";"brazil";-17.69139;-42.51583
"carangola";6;"minas gerais";"brazil";-20.73306;-42.02944
"caratinga";11;"minas gerais";"brazil";-19.78972;-42.13917
"carmo do cajuru";1;"minas gerais";"brazil";-20.18417;-44.77111
"carmo do paranaíba";4;"minas gerais";"brazil";-19.00083;-46.31611
"cataguases";3;"minas gerais";"brazil";-21.38917;-42.69667
"caxambu";4;"minas gerais";"brazil";-21.97722;-44.9325
"cláudio";1;"minas gerais";"brazil";-20.44333;-44.76583
"congonhas";1;"minas gerais";"brazil";-20.50525;-43.8588
"conselheiro lafaiete";4;"minas gerais";"brazil";-20.66028;-43.78611
"contagem";4;"minas gerais";"brazil";-19.93167;-44.05361
"coromandel";1;"minas gerais";"brazil";-18.47333;-47.20028
"coronel fabriciano";7;"minas gerais";"brazil";-19.51861;-42.62889
"curvelo";2;"minas gerais";"brazil";-18.75639;-44.43083
"diamantina";5;"minas gerais";"brazil";-18.24142;-43.60568
"divinópolis";10;"minas gerais";"brazil";-20.13889;-44.88389
"elói mendes";2;"minas gerais";"brazil";-21.61;-45.56528
"espinosa";1;"minas gerais";"brazil";-14.92611;-42.81917
"formiga";9;"minas gerais";"brazil";-20.46444;-45.42639
"frutal";3;"minas gerais";"brazil";-20.02472;-48.94056
"governador valadares";12;"minas gerais";"brazil";-18.85111;-41.94944
"guaranésia";1;"minas gerais";"brazil";-21.29917;-46.8025
"guaxupé";1;"minas gerais";"brazil";-21.30528;-46.71278
"ibiá";1;"minas gerais";"brazil";-19.47833;-46.53889
"ipatinga";18;"minas gerais";"brazil";-19.46833;-42.53667
"itabira";8;"minas gerais";"brazil";-19.61917;-43.22694
"itabirito";3;"minas gerais";"brazil";-20.25333;-43.80139
"itajubá";8;"minas gerais";"brazil";-22.42556;-45.45278
"itapecerica";1;"minas gerais";"brazil";-20.4725;-45.12556
"itaúna";4;"minas gerais";"brazil";-20.07528;-44.57639
"ituiutaba";12;"minas gerais";"brazil";-18.97428;-49.46212
"jacutinga";2;"minas gerais";"brazil";-22.28556;-46.61222
"janaúba";1;"minas gerais";"brazil";-15.8025;-43.30889
"januária";4;"minas gerais";"brazil";-15.48866;-44.35988
"jequitinhonha";1;"minas gerais";"brazil";-16.43389;-41.00333
"joão monlevade";9;"minas gerais";"brazil";-19.81;-43.17361
"juiz de fora";64;"minas gerais";"brazil";-21.76417;-43.35028
"lajinha";1;"minas gerais";"brazil";-20.15139;-41.62278
"lavras";42;"minas gerais";"brazil";-21.24528;-44.99972
"leopoldina";7;"minas gerais";"brazil";-21.53194;-42.64306
"machado";2;"minas gerais";"brazil";-21.67472;-45.91972
"manhuaçu";5;"minas gerais";"brazil";-20.25806;-42.03361
"manhumirim";6;"minas gerais";"brazil";-20.35778;-41.95806
"mariana";6;"minas gerais";"brazil";-20.37778;-43.41611
"matozinhos";1;"minas gerais";"brazil";-19.55778;-44.08139
"monte carmelo";2;"minas gerais";"brazil";-18.72472;-47.49861
"monte santo de minas";1;"minas gerais";"brazil";-21.18972;-46.98028
"montes claros";14;"minas gerais";"brazil";-16.735;-43.86167
"muriaé";5;"minas gerais";"brazil";-21.13056;-42.36639
"muzambinho";1;"minas gerais";"brazil";-21.37583;-46.52556
"nanuque";3;"minas gerais";"brazil";-17.83917;-40.35389
"nepomuceno";3;"minas gerais";"brazil";-21.23583;-45.23583
"nova era";1;"minas gerais";"brazil";-19.75;-43.0375
"ouro preto";7;"minas gerais";"brazil";-20.39484;-43.50517
"paracatu";3;"minas gerais";"brazil";-17.22222;-46.87472
"pará de minas";7;"minas gerais";"brazil";-19.86028;-44.60833
"paraguaçu";1;"minas gerais";"brazil";-21.54722;-45.7375
"passos";10;"minas gerais";"brazil";-20.71889;-46.60972
"patos de minas";12;"minas gerais";"brazil";-18.57889;-46.51806
"patrocínio";6;"minas gerais";"brazil";-18.94389;-46.9925
"pedra azul";1;"minas gerais";"brazil";-16.00528;-41.29722
"pedro leopoldo";1;"minas gerais";"brazil";-19.61806;-44.04306
"perdões";3;"minas gerais";"brazil";-21.09083;-45.09139
"pirapora";1;"minas gerais";"brazil";-17.345;-44.94194
"pitangui";1;"minas gerais";"brazil";-19.68278;-44.89028
"poços de caldas";14;"minas gerais";"brazil";-21.78778;-46.56139
"pompéu";2;"minas gerais";"brazil";-19.22444;-44.93528
"ponte nova";9;"minas gerais";"brazil";-20.41639;-42.90861
"pouso alegre";8;"minas gerais";"brazil";-22.23;-45.93639
"prata";2;"minas gerais";"brazil";-19.30722;-48.92417
"ribeirão das neves";1;"minas gerais";"brazil";-19.76694;-44.08667
"santos dumont";6;"minas gerais";"brazil";-21.45667;-43.5525
"são francisco";1;"minas gerais";"brazil";-15.94861;-44.86444
"são gonçalo do sapucaí";1;"minas gerais";"brazil";-21.89222;-45.59528
"são gotardo";3;"minas gerais";"brazil";-19.31111;-46.04889
"são joão del rei";12;"minas gerais";"brazil";-21.13556;-44.26167
"são joão nepomuceno";3;"minas gerais";"brazil";-21.54;-43.01056
"são lourenço";3;"minas gerais";"brazil";-22.11639;-45.05444
"são sebastião do paraíso";4;"minas gerais";"brazil";-20.91694;-46.99139
"sete lagoas";15;"minas gerais";"brazil";-19.46583;-44.24667
"taiobeiras";3;"minas gerais";"brazil";-15.80778;-42.23306
"teófilo otoni";5;"minas gerais";"brazil";-17.8575;-41.50528
"timóteo";5;"minas gerais";"brazil";-19.58106;-42.64953
"três corações";3;"minas gerais";"brazil";-21.69694;-45.25333
"tupaciguara";3;"minas gerais";"brazil";-18.59222;-48.705
"ubá";4;"minas gerais";"brazil";-21.12;-42.94278
"uberaba";30;"minas gerais";"brazil";-19.74833;-47.93194
"uberlândia";38;"minas gerais";"brazil";-18.91861;-48.27722
"varginha";9;"minas gerais";"brazil";-21.55139;-45.43028
"visconde do rio branco";8;"minas gerais";"brazil";-21.01028;-42.84056
"minneapolis";1;"minnesota";"united states";44.97997;-93.26384
"montevideo";11;"montevideo";"uruguay";-34.90328;-56.18816
"ilo";1;"moquegua";"peru";-17.63944;-71.3375
"dubna";1;"moskovskaya";"russia";56.73333;37.16667
"cork";1;"munster";"ireland";51.89797;-8.47061
"nampula";1;"nampula";"mozambique";-15.11646;39.2666
"ipiales";1;"nariño";"colombia";0.83018;-77.64959
"pasto";1;"nariño";"colombia";1.21361;-77.28111
"tudela";1;"navarre";"spain";42.06166;-1.60452
"delhi";1;"nct";"india";28.65381;77.22897
"neuchâtel";1;"neuchâtel";"switzerland";46.99179;6.931
"neuquén";1;"neuquén";"argentina";-38.95161;-68.0591
"colonia";1;"new jersey";"united states";40.57455;-74.30209
"santa fe";3;"new mexico";"united states";35.68698;-105.9378
"new york city";1;"new york";"united states";40.71427;-74.00597
"belfast";1;"n ireland";"united kingdom";54.58333;-5.93333
"roubaix";1;"nord-pas-de-calais";"france";50.69421;3.17456
"chapel hill";1;"north carolina";"united states";35.9132;-79.05584
"haarlem";1;"north holland";"netherlands";52.38084;4.63683
"whangarei";1;"northland";"new zealand";-35.73167;174.32391
"bielefeld";1;"north rhine-westphalia";"germany";52.03333;8.53333
"herford";1;"north rhine-westphalia";"germany";52.11457;8.67343
"rahden";1;"north rhine-westphalia";"germany";52.43367;8.61263
"schwerte";1;"north rhine-westphalia";"germany";51.44387;7.5675
"peshawar";2;"north-west frontier province";"pakistan";34.008;71.57849
"swābi";1;"north-west frontier province";"pakistan";34.11988;72.46987
"graneros";1;"o'higgins";"chile";-34.06863;-70.72747
"ondo";1;"ondo";"nigeria";7.1;4.83333
"toronto";1;"ontario";"canada";43.70011;-79.4163
"oujda";1;"oriental region";"morocco";34.68053;-1.90764
"oruro";1;"oruro";"bolivia";-17.98333;-67.15
"oslo";2;"oslo county";"norway";59.91273;10.74609
"isfahan";1;"ostān-e eşfahān";"iran";32.65246;51.67462
"hardenberg";1;"overijssel";"netherlands";52.57583;6.61944
"raalte";1;"overijssel";"netherlands";52.38583;6.275
"panamá";1;"panamá";"panama";8.9936;-79.51973
"abaetetuba";3;"pará";"brazil";-1.71806;-48.8825
"ananindeua";2;"pará";"brazil";-1.36556;-48.37222
"augusto corrêa";1;"pará";"brazil";-1.02167;-46.635
"breves";1;"pará";"brazil";-1.68222;-50.48028
"cametá";4;"pará";"brazil";-2.24444;-49.49583
"castanhal";3;"pará";"brazil";-1.29389;-47.92639
"marabá";1;"pará";"brazil";-5.36861;-49.11778
"monte alegre";1;"pará";"brazil";-2.00082;-54.08102
"são félix do xingu";1;"pará";"brazil";-6.64472;-51.995
"alagoa grande";1;"paraíba";"brazil";-7.15833;-35.63
"cabedelo";2;"paraíba";"brazil";-6.98111;-34.83389
"cajazeiras";6;"paraíba";"brazil";-6.89028;-38.55528
"campina grande";69;"paraíba";"brazil";-7.23056;-35.88111
"catolé do rocha";3;"paraíba";"brazil";-6.34389;-37.74667
"esperança";3;"paraíba";"brazil";-7.03306;-35.85722
"guarabira";2;"paraíba";"brazil";-6.85472;-35.49
"itaporanga";1;"paraíba";"brazil";-7.30444;-38.15028
"joão pessoa";93;"paraíba";"brazil";-7.115;-34.86306
"mamanguape";3;"paraíba";"brazil";-6.83861;-35.12611
"monteiro";1;"paraíba";"brazil";-7.88944;-37.12
"patos";14;"paraíba";"brazil";-7.02444;-37.28
"solânea";2;"paraíba";"brazil";-6.755;-35.54
"sousa";4;"paraíba";"brazil";-6.75917;-38.22806
"paramaribo";1;"paramaribo";"suriname";5.86638;-55.16682
"antonina";1;"paraná";"brazil";-25.42861;-48.71194
"apucarana";12;"paraná";"brazil";-23.55083;-51.46083
"arapongas";5;"paraná";"brazil";-23.41944;-51.42444
"bandeirantes";8;"paraná";"brazil";-23.11;-50.3675
"cambará";3;"paraná";"brazil";-23.04639;-50.07361
"cambé";8;"paraná";"brazil";-23.27583;-51.27833
"campo largo";2;"paraná";"brazil";-25.45955;-49.53014
"campo mourão";8;"paraná";"brazil";-24.04309;-52.37929
"cianorte";8;"paraná";"brazil";-23.66333;-52.605
"colorado";3;"paraná";"brazil";-22.8375;-51.97306
"coronel vivida";2;"paraná";"brazil";-25.97972;-52.56778
"cruzeiro do oeste";1;"paraná";"brazil";-23.785;-53.07333
"curitiba";196;"paraná";"brazil";-25.42778;-49.27306
"foz do iguaçu";8;"paraná";"brazil";-25.54778;-54.58806
"francisco beltrão";7;"paraná";"brazil";-26.08111;-53.055
"guarapuava";6;"paraná";"brazil";-25.39048;-51.46541
"ibaiti";1;"paraná";"brazil";-23.84861;-50.18778
"ibiporã";3;"paraná";"brazil";-23.26917;-51.04806
"jacarezinho";6;"paraná";"brazil";-23.16056;-49.96944
"jaguariaíva";1;"paraná";"brazil";-24.24423;-49.70932
"jandaia do sul";4;"paraná";"brazil";-23.60306;-51.64333
"lapa";1;"paraná";"brazil";-25.76972;-49.71583
"londrina";76;"paraná";"brazil";-23.31028;-51.16278
"mandaguari";2;"paraná";"brazil";-23.5475;-51.67083
"marechal cândido rondon";3;"paraná";"brazil";-24.55611;-54.05667
"marialva";5;"paraná";"brazil";-23.485;-51.79167
"maringá";52;"paraná";"brazil";-23.42528;-51.93861
"medianeira";2;"paraná";"brazil";-25.29528;-54.09389
"palmeira";3;"paraná";"brazil";-25.42944;-50.00639
"palotina";3;"paraná";"brazil";-24.28389;-53.84
"paranaguá";3;"paraná";"brazil";-25.51944;-48.51992
"paranavaí";10;"paraná";"brazil";-23.07306;-52.46528
"pato branco";7;"paraná";"brazil";-26.22861;-52.67056
"piraí do sul";1;"paraná";"brazil";-24.52611;-49.94861
"ponta grossa";27;"paraná";"brazil";-25.095;-50.16194
"prudentópolis";1;"paraná";"brazil";-25.21306;-50.97778
"quatro barras";2;"paraná";"brazil";-25.36556;-49.07694
"rio negro";3;"paraná";"brazil";-26.10583;-49.7975
"rolândia";6;"paraná";"brazil";-23.30972;-51.36917
"santo antônio da platina";1;"paraná";"brazil";-23.295;-50.07722
"são josé dos pinhais";3;"paraná";"brazil";-25.5302;-49.20836
"são mateus do sul";2;"paraná";"brazil";-25.87417;-50.38278
"são miguel do iguaçu";1;"paraná";"brazil";-25.34806;-54.23778
"umuarama";7;"paraná";"brazil";-23.76639;-53.325
"união da vitória";3;"paraná";"brazil";-26.23;-51.08639
"wenceslau braz";1;"paraná";"brazil";-23.87389;-49.80278
"pavlodar";1;"pavlodar";"kazakhstan";52.27401;77.00438
"paysandú";2;"paysandú";"uruguay";-32.32139;-58.07556
"challans";1;"pays de la loire";"france";46.84363;-1.87491
"pittsburgh";1;"pennsylvania";"united states";40.44062;-79.99589
"água preta";2;"pernambuco";"brazil";-8.7075;-35.53056
"arcoverde";3;"pernambuco";"brazil";-8.41889;-37.05389
"barreiros";2;"pernambuco";"brazil";-8.81833;-35.18639
"bom conselho";2;"pernambuco";"brazil";-9.16972;-36.67972
"carpina";1;"pernambuco";"brazil";-7.85083;-35.25472
"caruaru";14;"pernambuco";"brazil";-8.28333;-35.97611
"catende";1;"pernambuco";"brazil";-8.66667;-35.71667
"cupira";1;"pernambuco";"brazil";-8.61667;-35.95
"gameleira";1;"pernambuco";"brazil";-8.58444;-35.38667
"garanhuns";7;"pernambuco";"brazil";-8.88202;-36.50216
"igarassu";1;"pernambuco";"brazil";-7.83417;-34.90639
"jaboatão";1;"pernambuco";"brazil";-8.18028;-35.00139
"jaboatão dos guararapes";3;"pernambuco";"brazil";-8.11278;-35.01472
"limoeiro";2;"pernambuco";"brazil";-7.87472;-35.45028
"moreno";1;"pernambuco";"brazil";-8.11861;-35.09222
"nazaré da mata";1;"pernambuco";"brazil";-7.74167;-35.22778
"olinda";12;"pernambuco";"brazil";-8.00889;-34.85528
"ouricuri";1;"pernambuco";"brazil";-7.8825;-40.08167
"palmares";1;"pernambuco";"brazil";-8.68333;-35.59167
"paulista";3;"pernambuco";"brazil";-7.94083;-34.87306
"pesqueira";1;"pernambuco";"brazil";-8.35778;-36.69639
"petrolina";2;"pernambuco";"brazil";-9.39861;-40.50083
"recife";250;"pernambuco";"brazil";-8.05389;-34.88111
"ribeirão";1;"pernambuco";"brazil";-8.51444;-35.37778
"salgueiro";1;"pernambuco";"brazil";-8.07417;-39.11917
"são lourenço da mata";2;"pernambuco";"brazil";-8.00222;-35.01833
"serra talhada";1;"pernambuco";"brazil";-7.99194;-38.29833
"sertânia";1;"pernambuco";"brazil";-8.07361;-37.26444
"surubim";2;"pernambuco";"brazil";-7.83306;-35.75472
"tabira";1;"pernambuco";"brazil";-7.59083;-37.53944
"timbaúba";1;"pernambuco";"brazil";-7.50528;-35.31833
"vitória de santo antão";7;"pernambuco";"brazil";-8.11806;-35.29139
"pernik";1;"pernik";"bulgaria";42.6;23.03333
"barras";1;"piauí";"brazil";-4.24444;-42.29444
"campo maior";2;"piauí";"brazil";-4.82778;-42.16861
"floriano";2;"piauí";"brazil";-6.76694;-43.0225
"josé de freitas";1;"piauí";"brazil";-4.75639;-42.57556
"oeiras";1;"piauí";"brazil";-7.02528;-42.13111
"parnaíba";4;"piauí";"brazil";-2.90472;-41.77667
"picos";2;"piauí";"brazil";-7.07694;-41.46694
"são raimundo nonato";2;"piauí";"brazil";-9.01528;-42.69944
"teresina";35;"piauí";"brazil";-5.08917;-42.80194
"quito";4;"pichincha";"ecuador";-0.22985;-78.52495
"pinar del río";1;"pinar del río";"cuba";22.4175;-83.69806
"piura";2;"piura";"peru";-5.19449;-80.63282
"curepipe";1;"plaines wilhems";"mauritius";-20.31472;57.52028
"portalegre";1;"portalegre";"portugal";39.29379;-7.43122
"porto";11;"porto";"portugal";41.14961;-8.61099
"rio tinto";1;"porto";"portugal";41.18259;-8.55811
"marseille";2;"provence-alpes-côte d'azur";"france";43.29695;5.38107
"güira de melena";1;"provincia artemisa";"cuba";22.79274;-82.50823
"puebla";1;"puebla";"mexico";19.04334;-98.20193
"sargodha";1;"punjab";"pakistan";32.08361;72.67111
"montréal";3;"quebec";"canada";45.50884;-73.58781
"sherbrooke";1;"quebec";"canada";45.40008;-71.89908
"quetzaltenango";1;"quetzaltenango";"guatemala";14.83472;-91.51806
"calarcá";1;"quindío";"colombia";4.52949;-75.64091
"rabat";2;"rabat-salé-zemmour-zaër";"morocco";34.01325;-6.83255
"mainz";1;"rheinland-pfalz";"germany";49.98419;8.2791
"lyon";3;"rhône-alpes";"france";45.74846;4.84671
"riga";1;"rīga";"latvia";56.946;24.10589
"angra dos reis";2;"rio de janeiro";"brazil";-23.00667;-44.31806
"araruama";1;"rio de janeiro";"brazil";-22.87278;-42.34306
"arraial do cabo";1;"rio de janeiro";"brazil";-22.96611;-42.02778
"barra do piraí";6;"rio de janeiro";"brazil";-22.47;-43.82556
"barra mansa";5;"rio de janeiro";"brazil";-22.54417;-44.17139
"cabo frio";3;"rio de janeiro";"brazil";-22.88717;-42.02622
"cachoeiras de macacu";1;"rio de janeiro";"brazil";-22.4625;-42.65306
"campos";5;"rio de janeiro";"brazil";-21.75227;-41.33044
"cordeiro";1;"rio de janeiro";"brazil";-22.02861;-42.36083
"duque de caxias";9;"rio de janeiro";"brazil";-22.78556;-43.31167
"itaguaí";3;"rio de janeiro";"brazil";-22.85222;-43.77528
"itaperuna";3;"rio de janeiro";"brazil";-21.205;-41.88778
"japeri";1;"rio de janeiro";"brazil";-22.64306;-43.65333
"macaé";3;"rio de janeiro";"brazil";-22.37083;-41.78694
"mangaratiba";1;"rio de janeiro";"brazil";-22.95972;-44.04056
"mendes";1;"rio de janeiro";"brazil";-22.52667;-43.73278
"miracema";1;"rio de janeiro";"brazil";-21.41222;-42.19667
"nilópolis";1;"rio de janeiro";"brazil";-22.8075;-43.41389
"niterói";103;"rio de janeiro";"brazil";-22.88333;-43.10361
"nova friburgo";13;"rio de janeiro";"brazil";-22.28194;-42.53111
"nova iguaçu";19;"rio de janeiro";"brazil";-22.75917;-43.45111
"paraíba do sul";2;"rio de janeiro";"brazil";-22.16194;-43.29278
"petrópolis";19;"rio de janeiro";"brazil";-22.505;-43.17861
"piraí";2;"rio de janeiro";"brazil";-22.62917;-43.89806
"queimados";1;"rio de janeiro";"brazil";-22.71611;-43.55528
"resende";5;"rio de janeiro";"brazil";-22.46889;-44.44667
"rio bonito";2;"rio de janeiro";"brazil";-22.70861;-42.60972
"rio de janeiro";1060;"rio de janeiro";"brazil";-22.90278;-43.2075
"são fidélis";3;"rio de janeiro";"brazil";-21.64611;-41.74694
"são joão da barra";1;"rio de janeiro";"brazil";-21.64028;-41.05111
"são joão de meriti";4;"rio de janeiro";"brazil";-22.80389;-43.37222
"saquarema";1;"rio de janeiro";"brazil";-22.92;-42.51028
"teresópolis";3;"rio de janeiro";"brazil";-22.41222;-42.96556
"três rios";5;"rio de janeiro";"brazil";-22.11667;-43.20917
"vassouras";2;"rio de janeiro";"brazil";-22.40389;-43.6625
"volta redonda";11;"rio de janeiro";"brazil";-22.52306;-44.10417
"açu";1;"rio grande do norte";"brazil";-5.57667;-36.90861
"areia branca";1;"rio grande do norte";"brazil";-4.95611;-37.13694
"caicó";6;"rio grande do norte";"brazil";-6.45833;-37.09778
"currais novos";5;"rio grande do norte";"brazil";-6.26083;-36.51778
"joão câmara";1;"rio grande do norte";"brazil";-5.5375;-35.81972
"macaíba";3;"rio grande do norte";"brazil";-5.85833;-35.35389
"mossoró";18;"rio grande do norte";"brazil";-5.1875;-37.34417
"natal";78;"rio grande do norte";"brazil";-5.795;-35.20944
"nova cruz";1;"rio grande do norte";"brazil";-6.47806;-35.43389
"parelhas";1;"rio grande do norte";"brazil";-6.68778;-36.6575
"parnamirim";1;"rio grande do norte";"brazil";-5.91556;-35.26278
"alegrete";13;"rio grande do sul";"brazil";-29.78306;-55.79194
"arroio do meio";3;"rio grande do sul";"brazil";-29.40111;-51.945
"arroio grande";1;"rio grande do sul";"brazil";-32.2375;-53.08694
"bagé";19;"rio grande do sul";"brazil";-31.33139;-54.10694
"bento gonçalves";12;"rio grande do sul";"brazil";-29.17139;-51.51917
"butiá";1;"rio grande do sul";"brazil";-30.11972;-51.96222
"caçapava do sul";2;"rio grande do sul";"brazil";-30.51436;-53.48496
"cachoeira do sul";14;"rio grande do sul";"brazil";-30.03917;-52.89389
"camaquã";2;"rio grande do sul";"brazil";-30.85111;-51.81222
"canela";2;"rio grande do sul";"brazil";-29.35622;-50.81357
"canguçu";6;"rio grande do sul";"brazil";-31.395;-52.67556
"canoas";8;"rio grande do sul";"brazil";-29.91778;-51.18361
"carazinho";3;"rio grande do sul";"brazil";-28.28389;-52.78639
"caxias do sul";42;"rio grande do sul";"brazil";-29.16806;-51.17944
"cruz alta";13;"rio grande do sul";"brazil";-28.63861;-53.60639
"dom pedrito";6;"rio grande do sul";"brazil";-30.98278;-54.67306
"encantado";1;"rio grande do sul";"brazil";-29.23611;-51.86972
"encruzilhada do sul";1;"rio grande do sul";"brazil";-30.54389;-52.52194
"erechim";14;"rio grande do sul";"brazil";-27.63461;-52.2754
"estância velha";1;"rio grande do sul";"brazil";-29.64833;-51.17389
"esteio";4;"rio grande do sul";"brazil";-29.86139;-51.17917
"estrela";2;"rio grande do sul";"brazil";-28.06111;-50.93833
"farroupilha";3;"rio grande do sul";"brazil";-29.225;-51.34778
"flores da cunha";1;"rio grande do sul";"brazil";-29.02889;-51.18167
"frederico westphalen";4;"rio grande do sul";"brazil";-27.35917;-53.39444
"garibaldi";4;"rio grande do sul";"brazil";-29.25611;-51.53361
"gravataí";3;"rio grande do sul";"brazil";-29.94218;-50.99278
"guaíba";1;"rio grande do sul";"brazil";-30.11389;-51.325
"guaporé";4;"rio grande do sul";"brazil";-28.84556;-51.89028
"ijuí";18;"rio grande do sul";"brazil";-28.38778;-53.91472
"itaqui";3;"rio grande do sul";"brazil";-29.12528;-56.55306
"jaguarão";6;"rio grande do sul";"brazil";-32.56611;-53.37583
"júlio de castilhos";2;"rio grande do sul";"brazil";-29.22694;-53.68167
"lagoa vermelha";4;"rio grande do sul";"brazil";-28.20861;-51.52583
"lajeado";6;"rio grande do sul";"brazil";-29.46694;-51.96139
"marau";1;"rio grande do sul";"brazil";-28.44917;-52.2
"nova petrópolis";1;"rio grande do sul";"brazil";-29.37639;-51.11444
"nova prata";2;"rio grande do sul";"brazil";-28.78389;-51.61
"novo hamburgo";9;"rio grande do sul";"brazil";-29.67833;-51.13056
"palmeira das missões";3;"rio grande do sul";"brazil";-27.89944;-53.31361
"panambi";2;"rio grande do sul";"brazil";-28.2925;-53.50167
"passo fundo";28;"rio grande do sul";"brazil";-28.26278;-52.40667
"pelotas";82;"rio grande do sul";"brazil";-31.77194;-52.3425
"porto alegre";347;"rio grande do sul";"brazil";-30.03306;-51.23
"quaraí";1;"rio grande do sul";"brazil";-30.3875;-56.45139
"rio pardo";7;"rio grande do sul";"brazil";-29.98972;-52.37806
"rosário do sul";5;"rio grande do sul";"brazil";-30.25833;-54.91417
"santa cruz do sul";15;"rio grande do sul";"brazil";-29.7175;-52.42583
"santana do livramento";7;"rio grande do sul";"brazil";-30.89083;-55.53278
"santa vitória do palmar";6;"rio grande do sul";"brazil";-33.51889;-53.36806
"santo ângelo";14;"rio grande do sul";"brazil";-28.29917;-54.26306
"são borja";5;"rio grande do sul";"brazil";-28.66056;-56.00444
"são gabriel";5;"rio grande do sul";"brazil";-30.33639;-54.32
"são jerônimo";1;"rio grande do sul";"brazil";-29.95917;-51.72222
"são leopoldo";11;"rio grande do sul";"brazil";-29.76028;-51.14722
"são lourenço do sul";1;"rio grande do sul";"brazil";-31.36528;-51.97833
"são luiz gonzaga";4;"rio grande do sul";"brazil";-28.40833;-54.96083
"são sebastião do caí";1;"rio grande do sul";"brazil";-29.58667;-51.37556
"são sepé";3;"rio grande do sul";"brazil";-30.16056;-53.56528
"sapiranga";1;"rio grande do sul";"brazil";-29.63806;-51.00694
"soledade";2;"rio grande do sul";"brazil";-28.81833;-52.51028
"taquara";3;"rio grande do sul";"brazil";-29.65056;-50.78056
"taquari";1;"rio grande do sul";"brazil";-29.79972;-51.86444
"teutônia";1;"rio grande do sul";"brazil";-29.44806;-51.80639
"torres";1;"rio grande do sul";"brazil";-29.33528;-49.72694
"três coroas";1;"rio grande do sul";"brazil";-29.51694;-50.77778
"três de maio";5;"rio grande do sul";"brazil";-27.77333;-54.24
"três passos";4;"rio grande do sul";"brazil";-27.45556;-53.93194
"tupanciretã";3;"rio grande do sul";"brazil";-29.08056;-53.83583
"uruguaiana";11;"rio grande do sul";"brazil";-29.75472;-57.08833
"vacaria";1;"rio grande do sul";"brazil";-28.51222;-50.93389
"venâncio aires";1;"rio grande do sul";"brazil";-29.60639;-52.19194
"veranópolis";3;"rio grande do sul";"brazil";-28.93611;-51.54944
"viamão";3;"rio grande do sul";"brazil";-30.08111;-51.02333
"cipolletti";1;"río negro";"argentina";-38.93392;-67.99032
"pereira";1;"risaralda";"colombia";4.81333;-75.69611
"rivas";1;"rivas";"nicaragua";11.43716;-85.82632
"rivera";1;"rivera";"uruguay";-30.90534;-55.55076
"rocha";1;"rocha";"uruguay";-34.48333;-54.33333
"guajará mirim";2;"rondônia";"brazil";-10.78278;-65.33944
"porto velho";5;"rondônia";"brazil";-8.76194;-63.90389
"boa vista";4;"roraima";"brazil";2.81972;-60.67333
"sfax";1;"şafāqis";"tunisia";34.74056;10.76028
"sancti spíritus";1;"sancti spíritus";"cuba";21.92972;-79.4425
"río verde";4;"san luis potosí";"mexico";21.93032;-99.99169
"juanjuí";1;"san martín";"peru";-7.17697;-76.72774
"san salvador";3;"san salvador";"el salvador";13.68935;-89.18718
"araranguá";3;"santa catarina";"brazil";-28.93575;-49.49538
"balneário camboriú";2;"santa catarina";"brazil";-26.99056;-48.63472
"biguaçu";1;"santa catarina";"brazil";-27.49417;-48.65556
"blumenau";15;"santa catarina";"brazil";-26.91944;-49.06611
"brusque";5;"santa catarina";"brazil";-27.09806;-48.9175
"caçador";6;"santa catarina";"brazil";-26.77528;-51.015
"campos novos";3;"santa catarina";"brazil";-27.40167;-51.225
"canoinhas";2;"santa catarina";"brazil";-26.17722;-50.39
"capinzal";3;"santa catarina";"brazil";-27.34361;-51.61194
"chapecó";6;"santa catarina";"brazil";-27.09639;-52.61833
"criciúma";15;"santa catarina";"brazil";-28.6775;-49.36972
"curitibanos";3;"santa catarina";"brazil";-27.28278;-50.58444
"florianópolis";72;"santa catarina";"brazil";-27.59667;-48.54917
"ibirama";1;"santa catarina";"brazil";-27.05694;-49.51778
"imbituba";1;"santa catarina";"brazil";-28.24;-48.67028
"itajaí";10;"santa catarina";"brazil";-26.90778;-48.66194
"jaraguá do sul";4;"santa catarina";"brazil";-26.48611;-49.06667
"joaçaba";6;"santa catarina";"brazil";-27.17806;-51.50472
"joinville";13;"santa catarina";"brazil";-26.30444;-48.84556
"lages";21;"santa catarina";"brazil";-27.81611;-50.32611
"mafra";1;"santa catarina";"brazil";-26.11139;-49.80528
"palhoça";1;"santa catarina";"brazil";-27.64528;-48.66778
"porto união";5;"santa catarina";"brazil";-26.23806;-51.07833
"rio do sul";11;"santa catarina";"brazil";-27.21417;-49.64306
"santo amaro da imperatriz";1;"santa catarina";"brazil";-27.68806;-48.77861
"são bento do sul";3;"santa catarina";"brazil";-26.25028;-49.37861
"são francisco do sul";2;"santa catarina";"brazil";-26.24333;-48.63806
"são joaquim";3;"santa catarina";"brazil";-28.29389;-49.93167
"são josé";1;"santa catarina";"brazil";-28.21171;-49.1632
"tijucas";1;"santa catarina";"brazil";-27.24139;-48.63361
"timbó";1;"santa catarina";"brazil";-26.82333;-49.27167
"tubarão";12;"santa catarina";"brazil";-28.46667;-49.00694
"videira";3;"santa catarina";"brazil";-27.00833;-51.15167
"xanxerê";2;"santa catarina";"brazil";-26.87694;-52.40417
"santa cruz de la sierra";1;"santa cruz";"bolivia";-17.78629;-63.18117
"rosario";4;"santa fe";"argentina";-32.94682;-60.63932
"bucaramanga";4;"santander";"colombia";7.12539;-73.1198
"tamboril";1;"santiago";"dominican republic";19.48538;-70.61104
"santiago de cuba";9;"santiago de cuba";"cuba";20.02472;-75.82194
"santiago del estero";1;"santiago del estero";"argentina";-27.79511;-64.26149
"adamantina";10;"são paulo";"brazil";-21.68528;-51.0725
"águas de lindóia";2;"são paulo";"brazil";-22.47639;-46.63278
"agudos";1;"são paulo";"brazil";-22.46917;-48.9875
"álvares machado";1;"são paulo";"brazil";-22.07944;-51.47194
"americana";12;"são paulo";"brazil";-22.73917;-47.33139
"américo brasiliense";1;"são paulo";"brazil";-21.72444;-48.10167
"andradina";10;"são paulo";"brazil";-20.89611;-51.37944
"aparecida";1;"são paulo";"brazil";-22.84694;-45.22972
"apiaí";1;"são paulo";"brazil";-24.50944;-48.8425
"araçatuba";25;"são paulo";"brazil";-21.20889;-50.43278
"araraquara";62;"são paulo";"brazil";-21.79444;-48.17556
"araras";8;"são paulo";"brazil";-22.35694;-47.38417
"assis";22;"são paulo";"brazil";-22.66167;-50.41222
"atibaia";5;"são paulo";"brazil";-23.11694;-46.55028
"avaré";6;"são paulo";"brazil";-23.09861;-48.92583
"bariri";8;"são paulo";"brazil";-22.07444;-48.74028
"barra bonita";2;"são paulo";"brazil";-22.49472;-48.55806
"barretos";16;"são paulo";"brazil";-20.55722;-48.56778
"barueri";1;"são paulo";"brazil";-23.51056;-46.87611
"bastos";2;"são paulo";"brazil";-21.92194;-50.73389
"batatais";2;"são paulo";"brazil";-20.89111;-47.585
"bauru";59;"são paulo";"brazil";-22.31472;-49.06056
"bebedouro";11;"são paulo";"brazil";-20.94944;-48.47917
"birigui";8;"são paulo";"brazil";-21.28861;-50.34
"boituva";1;"são paulo";"brazil";-23.28333;-47.67222
"botucatu";36;"são paulo";"brazil";-22.88583;-48.445
"bragança paulista";9;"são paulo";"brazil";-22.95194;-46.54194
"brotas";2;"são paulo";"brazil";-22.28417;-48.12667
"caçapava";4;"são paulo";"brazil";-23.10083;-45.70694
"cajati";1;"são paulo";"brazil";-24.73611;-48.12278
"cândido mota";2;"são paulo";"brazil";-22.74639;-50.38694
"capivari";6;"são paulo";"brazil";-22.995;-47.50778
"caraguatatuba";3;"são paulo";"brazil";-23.62028;-45.41306
"carapicuíba";2;"são paulo";"brazil";-23.52272;-46.835
"casa branca";5;"são paulo";"brazil";-21.77389;-47.08639
"catanduva";14;"são paulo";"brazil";-21.13778;-48.97278
"cordeirópolis";1;"são paulo";"brazil";-22.48194;-47.45667
"cosmópolis";3;"são paulo";"brazil";-22.64583;-47.19611
"cotia";3;"são paulo";"brazil";-23.60389;-46.91917
"cravinhos";1;"são paulo";"brazil";-21.34028;-47.72944
"cruzeiro";7;"são paulo";"brazil";-22.57316;-44.97108
"cubatão";2;"são paulo";"brazil";-23.895;-46.42528
"descalvado";4;"são paulo";"brazil";-21.90389;-47.61944
"diadema";2;"são paulo";"brazil";-23.68611;-46.62278
"dois córregos";2;"são paulo";"brazil";-22.36611;-48.38028
"espírito santo do pinhal";9;"são paulo";"brazil";-22.11583;-46.68278
"fernandópolis";10;"são paulo";"brazil";-20.28389;-50.24639
"franca";23;"são paulo";"brazil";-20.53861;-47.40083
"franco da rocha";2;"são paulo";"brazil";-23.32167;-46.72694
"garça";5;"são paulo";"brazil";-22.21056;-49.65611
"guaíra";6;"são paulo";"brazil";-20.31833;-48.31056
"guará";2;"são paulo";"brazil";-20.42833;-47.82417
"guararapes";7;"são paulo";"brazil";-21.26083;-50.64278
"guararema";1;"são paulo";"brazil";-23.415;-46.035
"guaratinguetá";13;"são paulo";"brazil";-22.81639;-45.1925
"guarujá";2;"são paulo";"brazil";-23.99306;-46.25639
"guarulhos";15;"são paulo";"brazil";-23.46278;-46.53333
"ibaté";1;"são paulo";"brazil";-21.95472;-47.99667
"ibitinga";5;"são paulo";"brazil";-21.75778;-48.82889
"igarapava";5;"são paulo";"brazil";-20.03833;-47.74694
"iguape";1;"são paulo";"brazil";-24.70806;-47.55528
"ilhabela";2;"são paulo";"brazil";-23.77806;-45.35806
"ilha solteira";12;"são paulo";"brazil";-20.43278;-51.3425
"indaiatuba";8;"são paulo";"brazil";-23.08842;-47.2119
"iracemápolis";1;"são paulo";"brazil";-22.58056;-47.51861
"itapetininga";10;"são paulo";"brazil";-23.59167;-48.05306
"itapeva";1;"são paulo";"brazil";-23.98222;-48.87556
"itapira";5;"são paulo";"brazil";-22.43611;-46.82167
"itápolis";3;"são paulo";"brazil";-21.59556;-48.81278
"itararé";4;"são paulo";"brazil";-24.1125;-49.33167
"itatiba";7;"são paulo";"brazil";-23.00583;-46.83889
"ituverava";4;"são paulo";"brazil";-20.33944;-47.78056
"jaboticabal";17;"são paulo";"brazil";-21.25472;-48.32222
"jacareí";8;"são paulo";"brazil";-23.30528;-45.96583
"jaguariúna";1;"são paulo";"brazil";-22.70556;-46.98583
"jales";6;"são paulo";"brazil";-20.26889;-50.54583
"jardinópolis";1;"são paulo";"brazil";-21.01778;-47.76389
"jarinu";1;"são paulo";"brazil";-23.10139;-46.72833
"jaú";23;"são paulo";"brazil";-22.29639;-48.55778
"josé bonifácio";1;"são paulo";"brazil";-21.05278;-49.68833
"jundiaí";35;"são paulo";"brazil";-23.18639;-46.88417
"laranjal paulista";3;"são paulo";"brazil";-23.04972;-47.83667
"leme";7;"são paulo";"brazil";-22.18556;-47.39028
"lençóis paulista";1;"são paulo";"brazil";-22.59861;-48.80028
"limeira";16;"são paulo";"brazil";-22.56472;-47.40167
"lins";11;"são paulo";"brazil";-21.67861;-49.7425
"lorena";5;"são paulo";"brazil";-22.73083;-45.12472
"macatuba";1;"são paulo";"brazil";-22.50222;-48.71139
"marília";36;"são paulo";"brazil";-22.21389;-49.94583
"martinópolis";1;"são paulo";"brazil";-22.14583;-51.17083
"matão";5;"são paulo";"brazil";-21.60333;-48.36583
"mauá";3;"são paulo";"brazil";-23.66778;-46.46139
"miguelópolis";1;"são paulo";"brazil";-20.17944;-48.03194
"mirandopólis";2;"são paulo";"brazil";-21.13361;-51.10167
"mococa";4;"são paulo";"brazil";-21.46778;-47.00472
"mogi das cruzes";21;"são paulo";"brazil";-23.52278;-46.18833
"mogi mirim";7;"são paulo";"brazil";-22.43194;-46.95778
"monte alto";7;"são paulo";"brazil";-21.26111;-48.49639
"monte aprazível";2;"são paulo";"brazil";-20.7725;-49.71417
"monte azul paulista";6;"são paulo";"brazil";-20.90722;-48.64139
"nova granada";4;"são paulo";"brazil";-20.53389;-49.31417
"novo horizonte";6;"são paulo";"brazil";-21.46806;-49.22083
"olímpia";11;"são paulo";"brazil";-20.73722;-48.91472
"orlândia";5;"são paulo";"brazil";-20.72028;-47.88667
"osasco";12;"são paulo";"brazil";-23.5325;-46.79167
"osvaldo cruz";3;"são paulo";"brazil";-21.79667;-50.87861
"ourinhos";6;"são paulo";"brazil";-22.97889;-49.87056
"palmital";3;"são paulo";"brazil";-22.78889;-50.2175
"paraguaçu paulista";6;"são paulo";"brazil";-22.41278;-50.57583
"pederneiras";2;"são paulo";"brazil";-22.35167;-48.775
"penápolis";10;"são paulo";"brazil";-21.41972;-50.0775
"pereira barreto";6;"são paulo";"brazil";-20.63833;-51.10917
"pilar do sul";1;"são paulo";"brazil";-23.81306;-47.71639
"pindamonhangaba";3;"são paulo";"brazil";-22.92389;-45.46167
"piracaia";1;"são paulo";"brazil";-23.05389;-46.35806
"piracicaba";71;"são paulo";"brazil";-22.72528;-47.64917
"piraju";2;"são paulo";"brazil";-23.19361;-49.38389
"pirajuí";2;"são paulo";"brazil";-21.99861;-49.45722
"pirassununga";10;"são paulo";"brazil";-21.99611;-47.42583
"pitangueiras";1;"são paulo";"brazil";-21.00944;-48.22167
"poá";1;"são paulo";"brazil";-23.52806;-46.34472
"pompéia";3;"são paulo";"brazil";-22.10861;-50.17167
"pontal";3;"são paulo";"brazil";-21.0225;-48.03722
"porto feliz";1;"são paulo";"brazil";-23.21472;-47.52389
"porto ferreira";3;"são paulo";"brazil";-21.85389;-47.47917
"praia grande";1;"são paulo";"brazil";-24.00583;-46.40278
"presidente prudente";30;"são paulo";"brazil";-22.12556;-51.38889
"presidente venceslau";6;"são paulo";"brazil";-21.87611;-51.84389
"promissão";2;"são paulo";"brazil";-21.53667;-49.85806
"rancharia";4;"são paulo";"brazil";-22.22917;-50.89306
"regente feijó";1;"são paulo";"brazil";-22.22139;-51.30278
"registro";1;"são paulo";"brazil";-24.4875;-47.84361
"ribeirão preto";112;"são paulo";"brazil";-21.1775;-47.81028
"rio das pedras";1;"são paulo";"brazil";-22.84333;-47.60611
"santa bárbara d'oeste";3;"são paulo";"brazil";-22.75361;-47.41361
"santa cruz das palmeiras";2;"são paulo";"brazil";-21.82694;-47.24861
"santa cruz do rio pardo";3;"são paulo";"brazil";-22.89889;-49.6325
"santa fé do sul";5;"são paulo";"brazil";-20.21111;-50.92583
"santa isabel";1;"são paulo";"brazil";-23.31556;-46.22139
"santana de parnaíba";1;"são paulo";"brazil";-23.44417;-46.91778
"santa rita do passa quatro";4;"são paulo";"brazil";-21.71028;-47.47806
"santo anastácio";8;"são paulo";"brazil";-21.83833;-51.61028
"santo andré";43;"são paulo";"brazil";-23.66389;-46.53833
"santos";70;"são paulo";"brazil";-23.96083;-46.33361
"são bernardo do campo";23;"são paulo";"brazil";-23.69389;-46.565
"são caetano do sul";20;"são paulo";"brazil";-23.62306;-46.55111
"são carlos";66;"são paulo";"brazil";-22.0175;-47.89083
"são joão da boa vista";10;"são paulo";"brazil";-21.96917;-46.79806
"são joaquim da barra";1;"são paulo";"brazil";-20.58139;-47.85472
"são josé do rio pardo";6;"são paulo";"brazil";-21.59556;-46.88861
"são josé do rio preto";54;"são paulo";"brazil";-20.81972;-49.37944
"são josé dos campos";37;"são paulo";"brazil";-23.17944;-45.88694
"são manuel";7;"são paulo";"brazil";-22.73111;-48.57056
"são paulo";1344;"são paulo";"brazil";-23.5475;-46.63611
"são roque";3;"são paulo";"brazil";-23.52917;-47.13528
"são vicente";5;"são paulo";"brazil";-23.96306;-46.39194
"serrana";1;"são paulo";"brazil";-21.21139;-47.59556
"serra negra";4;"são paulo";"brazil";-22.61222;-46.70056
"sertãozinho";10;"são paulo";"brazil";-21.13778;-47.99028
"sorocaba";38;"são paulo";"brazil";-23.50167;-47.45806
"suzano";3;"são paulo";"brazil";-23.5425;-46.31083
"taboão da serra";2;"são paulo";"brazil";-23.62611;-46.79167
"tambaú";1;"são paulo";"brazil";-21.705;-47.27444
"tanabi";3;"são paulo";"brazil";-20.62639;-49.64917
"taquaritinga";6;"são paulo";"brazil";-21.40611;-48.50472
"taquarituba";2;"são paulo";"brazil";-23.53306;-49.24444
"tatuí";4;"são paulo";"brazil";-23.35556;-47.85694
"taubaté";12;"são paulo";"brazil";-23.02639;-45.55528
"tietê";1;"são paulo";"brazil";-23.10194;-47.71472
"tupã";10;"são paulo";"brazil";-21.93472;-50.51361
"ubatuba";1;"são paulo";"brazil";-23.43389;-45.07111
"valinhos";3;"são paulo";"brazil";-22.97056;-46.99583
"vargem grande do sul";1;"são paulo";"brazil";-21.83222;-46.89361
"vinhedo";3;"são paulo";"brazil";-23.02972;-46.97528
"viradouro";1;"são paulo";"brazil";-20.87306;-48.29694
"votorantim";3;"são paulo";"brazil";-23.54667;-47.43778
"votuporanga";8;"são paulo";"brazil";-20.42278;-49.97278
"são tomé";2;"são tomé island";"sao tome and principe";0.33654;6.72732
"alghero";1;"sardinia";"italy";40.56541;8.32092
"nuoro";1;"sardinia";"italy";40.31949;9.31394
"dresden";1;"saxony";"germany";51.05089;13.73832
"elmshorn";1;"schleswig-holstein";"germany";53.75396;9.65339
"seoul";1;"seoul";"south korea";37.566;126.9784
"aracaju";44;"sergipe";"brazil";-10.91111;-37.07167
"estância";1;"sergipe";"brazil";-11.26833;-37.43833
"itabaianinha";1;"sergipe";"brazil";-11.27389;-37.79
"lagarto";2;"sergipe";"brazil";-10.91722;-37.65
"propriá";1;"sergipe";"brazil";-10.21111;-36.84028
"simão dias";1;"sergipe";"brazil";-10.73833;-37.81111
"setúbal";1;"setúbal";"portugal";38.5244;-8.8882
"ribera";1;"sicily";"italy";37.49773;13.26676
"lund";1;"skåne";"sweden";55.70584;13.19321
"eskilstuna";1;"södermanland";"sweden";59.36661;16.5077
"sofia";1;"sofia-capital";"bulgaria";42.69751;23.32415
"butare";1;"southern province";"rwanda";-2.59667;29.73944
"leiden";1;"south holland";"netherlands";52.15833;4.49306
"graz";1;"styria";"austria";47.06667;15.45
"sanok";1;"subcarpathian voivodeship";"poland";49.55573;22.2056
"tacna";2;"tacna";"peru";-18.01465;-70.25362
"taipei";1;"taipei";"taiwan";25.04776;121.53185
"chennai";1;"tamil nādu";"india";13.08784;80.27847
"nāgercoil";1;"tamil nādu";"india";8.17731;77.43437
"sivakasi";1;"tamil nādu";"india";9.44999;77.79797
"tehrān";1;"tehrān";"iran";35.69439;51.42151
"tel aviv";1;"tel aviv";"israel";32.08088;34.78057
"galveston";1;"texas";"united states";29.30135;-94.7977
"frauenfeld";1;"thurgau";"switzerland";47.55816;8.89854
"mansoûra";1;"tlemcen";"algeria";34.86158;-1.33935
"araguaína";3;"tocantins";"brazil";-7.19111;-48.20722
"tokyo";1;"tōkyō";"japan";35.6895;139.69171
"ibagué";1;"tolima";"colombia";4.43889;-75.23222
"tomsk";2;"tomsk";"russia";56.49771;84.97437
"tottori";2;"tottori";"japan";35.5;134.23333
"treinta y tres";1;"treinta y tres";"uruguay";-33.23333;-54.38333
"siena";1;"tuscany";"italy";43.32215;11.3259
"linz";1;"upper austria";"austria";48.30639;14.28611
"lucknow";1;"uttar pradesh";"india";26.83928;80.92313
"varanasi";1;"uttar pradesh";"india";25.31668;83.01041
"cali";3;"valle del cauca";"colombia";3.43722;-76.5225
"viña del mar";4;"valparaíso";"chile";-33.02457;-71.55183
"bassano del grappa";1;"veneto";"italy";45.76231;11.73112
"padova";1;"veneto";"italy";45.40797;11.88586
"vicenza";1;"veneto";"italy";45.54672;11.5475
"minatitlan";1;"veracruz-llave";"mexico";17.99925;-94.55441
"monção";1;"viana do castelo";"portugal";42.07892;-8.48076
"ponte de lima";1;"viana do castelo";"portugal";41.76719;-8.58393
"vila real";2;"vila real";"portugal";41.30062;-7.74413
"cardiff";1;"wales";"united kingdom";51.48;-3.18
"aígio";1;"west greece";"greece";38.24861;22.08194
"loreto";1;"zacatecas";"mexico";22.27248;-101.98898
"zadar";1;"zadarska";"croatia";44.11972;15.24222
"winterthur";1;"zurich";"switzerland";47.50003;8.7251
"abatiá";1;"";"brazil";-23.304;-50.313
"abelardo luz";1;"";"brazil";-26.565;-52.328
"acari";1;"";"brazil";-6.436;-36.639
"adolfo";1;"";"brazil";-21.235;-49.644
"adrianópolis";1;"";"brazil";-24.657;-48.991
"afuá";1;"";"brazil";-0.157;-50.387
"água branca";1;"";"brazil";-9.262;-37.938
"água santa";1;"";"brazil";-28.177;-52.034
"águas da prata";1;"";"brazil";-21.937;-46.717
"águas de santa bárbara";1;"";"brazil";-22.881;-49.239
"ajuricaba";2;"";"brazil";-28.239;-53.771
"alcobaça";1;"";"brazil";-17.519;-39.196
"alecrim";2;"";"brazil";-27.655;-54.764
"alta floresta";1;"";"brazil";-9.876;-56.086
"altinópolis";2;"";"brazil";-21.026;-47.374
"alto alegre";1;"";"brazil";2.98;-61.292
"alto araguaia";1;"";"brazil";-17.315;-53.215
"alto garças";1;"";"brazil";-16.944;-53.528
"altônia";2;"";"brazil";-23.874;-53.902
"alto piquiri";2;"";"brazil";-24.028;-53.441
"alto rio doce";2;"";"brazil";-21.026;-43.411
"alvarenga";1;"";"brazil";-19.417;-41.729
"alvinópolis";1;"";"brazil";-20.107;-43.049
"alvorada do sul";1;"";"brazil";-22.78;-51.231
"amambaí";3;"";"brazil";-23.104;-55.226
"amarante";1;"";"brazil";-6.241;-42.855
"américo de campos";1;"";"brazil";-20.299;-49.732
"ampére";1;"";"brazil";-25.915;-53.473
"analândia";1;"";"brazil";-22.126;-47.663
"anchieta";1;"";"brazil";-20.805;-40.645
"andirá";1;"";"brazil";-23.051;-50.229
"andrelândia";1;"";"brazil";-21.74;-44.309
"angatuba";2;"";"brazil";-23.49;-48.413
"angélica";1;"";"brazil";-22.153;-53.771
"anguera";2;"";"brazil";-12.151;-39.246
"antônio carlos";1;"";"brazil";-27.517;-48.768
"antônio prado";4;"";"brazil";-28.858;-51.283
"aperibé";1;"";"brazil";-21.621;-42.103
"araguacema";1;"";"brazil";-8.804;-49.556
"araioses";1;"";"brazil";-2.89;-41.903
"arandu";1;"";"brazil";-23.134;-49.054
"araripe";1;"";"brazil";-7.213;-40.046
"aratiba";4;"";"brazil";-27.394;-52.3
"arceburgo";1;"";"brazil";-21.364;-46.94
"areado";3;"";"brazil";-21.359;-46.146
"areia";10;"";"brazil";-6.963;-35.692
"arroio dos ratos";1;"";"brazil";-30.077;-51.729
"arroio do tigre";1;"";"brazil";-29.333;-53.093
"arroio trinta";1;"";"brazil";-26.933;-51.339
"arvorezinha";2;"";"brazil";-28.872;-52.175
"assaí";2;"";"brazil";-23.373;-50.841
"assis chateaubriand";2;"";"brazil";-24.42;-53.521
"auriflama";2;"";"brazil";-20.686;-50.555
"baependi";1;"";"brazil";-21.959;-44.89
"bálsamo";4;"";"brazil";-20.735;-49.584
"banabuiú";1;"";"brazil";-5.31;-38.921
"bananal";1;"";"brazil";-22.684;-44.323
"bananeiras";1;"";"brazil";-6.75;-35.633
"barão de monte alto";1;"";"brazil";-21.245;-42.238
"barbosa ferraz";1;"";"brazil";-24.03;-52.012
"barra de santa rosa";2;"";"brazil";-6.72;-36.061
"barra do mendes";1;"";"brazil";-11.81;-42.059
"barro alto";1;"";"brazil";-14.971;-48.916
"bela cruz";1;"";"brazil";-3.051;-40.168
"bela vista do paraíso";3;"";"brazil";-22.997;-51.191
"belém de são francisco";1;"";"brazil";-8.758;-38.964
"belo vale";1;"";"brazil";-20.408;-44.024
"belterra";1;"";"brazil";-2.636;-54.937
"benedito novo";2;"";"brazil";-26.783;-49.364
"bequimão";1;"";"brazil";-2.449;-44.783
"bernardino de campos";2;"";"brazil";-23.013;-49.474
"bicas";2;"";"brazil";-21.725;-43.059
"bilac";3;"";"brazil";-21.403;-50.471
"boa esperança do iguaçu";1;"";"brazil";-25.636;-53.212
"boa esperança do sul";2;"";"brazil";-21.993;-48.391
"boa nova";1;"";"brazil";-14.363;-40.208
"boa ventura";1;"";"brazil";-7.414;-38.216
"boa vista do buricá";4;"";"brazil";-27.669;-54.11
"bocaina";2;"";"brazil";-22.136;-48.518
"bodocó";1;"";"brazil";-7.778;-39.941
"bom jardim";1;"";"brazil";-3.565;-45.994
"bom jardim de minas";1;"";"brazil";-21.947;-44.191
"bom jesus";2;"";"brazil";-28.668;-50.417
"bom princípio";1;"";"brazil";-29.489;-51.353
"bom retiro do sul";1;"";"brazil";-29.609;-51.943
"bom sucesso";3;"";"brazil";-23.71;-51.764
"bonito de santa fé";1;"";"brazil";-7.313;-38.515
"boqueirão";1;"";"brazil";-7.482;-36.135
"boquim";1;"";"brazil";-11.147;-37.621
"borá";1;"";"brazil";-22.27;-50.534
"borborema";1;"";"brazil";-21.62;-49.074
"borda da mata";1;"";"brazil";-22.274;-46.165
"borrazópolis";2;"";"brazil";-23.941;-51.588
"bossoroca";1;"";"brazil";-28.73;-54.9
"botumirim";1;"";"brazil";-16.872;-43.011
"brasiléia";2;"";"brazil";-11.01;-68.748
"brasileira";1;"";"brazil";-4.131;-41.782
"brasília de minas";1;"";"brazil";-16.208;-44.429
"brasópolis";2;"";"brazil";-22.474;-45.608
"brejo";1;"";"brazil";-3.684;-42.75
"brejo do cruz";2;"";"brazil";-6.349;-37.498
"brotas de macaúbas";1;"";"brazil";-11.999;-42.626
"buritama";1;"";"brazil";-21.066;-50.147
"buriti alegre";1;"";"brazil";-18.144;-49.044
"buriti dos lopes";1;"";"brazil";-3.175;-41.867
"buritizal";1;"";"brazil";-20.191;-47.708
"cacequi";1;"";"brazil";-29.884;-54.825
"cachoeira de minas";1;"";"brazil";-22.355;-45.779
"cachoeira paulista";4;"";"brazil";-22.665;-45.009
"caconde";2;"";"brazil";-21.529;-46.644
"cafelândia";2;"";"brazil";-21.803;-49.61
"caiapônia";2;"";"brazil";-16.957;-51.81
"caibaté";1;"";"brazil";-28.288;-54.638
"caiçara";1;"";"brazil";-6.554;-35.411
"cajobi";1;"";"brazil";-20.88;-48.809
"cajuri";1;"";"brazil";-20.791;-42.797
"califórnia";1;"";"brazil";-23.65;-51.355
"camaragibe";2;"";"brazil";-8.022;-34.981
"cambuci";1;"";"brazil";-21.575;-41.911
"cambuquira";1;"";"brazil";-21.852;-45.296
"campestre";2;"";"brazil";-21.711;-46.246
"campina das missões";3;"";"brazil";-27.989;-54.839
"campina verde";5;"";"brazil";-19.536;-49.486
"campo do brito";2;"";"brazil";-10.733;-37.493
"campo erê";1;"";"brazil";-26.394;-53.078
"campo novo";1;"";"brazil";-27.675;-53.803
"campos dos goytacazes";23;"";"brazil";-21.754;-41.324
"canaã";1;"";"brazil";-20.686;-42.62
"canápolis";1;"";"brazil";-13.07;-44.202
"candeias";1;"";"brazil";-20.767;-45.276
"cândido godói";1;"";"brazil";-27.952;-54.752
"cândido mendes";1;"";"brazil";-1.447;-45.717
"cândido rodrigues";2;"";"brazil";-21.325;-48.631
"canelinha";1;"";"brazil";-27.265;-48.768
"canhotinho";1;"";"brazil";-8.882;-36.191
"cantagalo";1;"";"brazil";-21.981;-42.368
"cantanhede";1;"";"brazil";-3.633;-44.377
"capim branco";1;"";"brazil";-19.549;-44.117
"capinópolis";1;"";"brazil";-18.682;-49.57
"caputira";1;"";"brazil";-20.172;-42.271
"carapebus";1;"";"brazil";-22.187;-41.661
"cardoso";1;"";"brazil";-20.082;-49.914
"cariacica";3;"";"brazil";-20.264;-40.42
"cariús";1;"";"brazil";-6.537;-39.497
"carlópolis";1;"";"brazil";-23.425;-49.721
"carmo";2;"";"brazil";-21.934;-42.609
"carmo da mata";1;"";"brazil";-20.558;-44.871
"carmo do rio claro";1;"";"brazil";-20.972;-46.119
"carmópolis";1;"";"brazil";-10.648;-36.989
"cássia";2;"";"brazil";-20.583;-46.922
"catanduvas";2;"";"brazil";-27.071;-51.662
"caxambu do sul";2;"";"brazil";-27.161;-52.879
"cedral";2;"";"brazil";-20.903;-49.268
"centenário do sul";1;"";"brazil";-22.821;-51.595
"centralina";1;"";"brazil";-18.584;-49.199
"cerqueira césar";2;"";"brazil";-23.036;-49.166
"cerro largo";5;"";"brazil";-28.149;-54.738
"céu azul";1;"";"brazil";-25.147;-53.849
"cipotânea";1;"";"brazil";-20.905;-43.366
"clementina";1;"";"brazil";-21.56;-50.449
"colina";2;"";"brazil";-20.713;-48.541
"conceição";2;"";"brazil";-7.562;-38.509
"conceição do castelo";1;"";"brazil";-20.368;-41.244
"conchas";1;"";"brazil";-23.015;-48.011
"condeúba";1;"";"brazil";-14.895;-41.969
"condor";1;"";"brazil";-28.208;-53.487
"conselheiro pena";2;"";"brazil";-19.172;-41.472
"constantina";1;"";"brazil";-27.735;-52.992
"coração de jesus";1;"";"brazil";-16.685;-44.365
"corbélia";2;"";"brazil";-24.799;-53.307
"coremas";1;"";"brazil";-7.014;-37.946
"cornélio procópio";6;"";"brazil";-23.181;-50.647
"coronel freitas";1;"";"brazil";-26.909;-52.703
"crissiumal";2;"";"brazil";-27.5;-54.101
"cristalândia";1;"";"brazil";-10.6;-49.193
"cristina";1;"";"brazil";-22.212;-45.264
"croatá";1;"";"brazil";-4.4;-40.911
"cruzália";1;"";"brazil";-22.677;-50.794
"cruzeta";1;"";"brazil";-6.412;-36.79
"cruzília";1;"";"brazil";-21.839;-44.808
"cuité";1;"";"brazil";-6.485;-36.157
"cumari";1;"";"brazil";-18.263;-48.151
"cunha porã";1;"";"brazil";-26.894;-53.168
"curaçá";1;"";"brazil";-8.992;-39.908
"descanso";2;"";"brazil";-26.826;-53.502
"divinolândia";1;"";"brazil";-21.661;-46.739
"dois irmãos";1;"";"brazil";-29.58;-51.085
"dois lajeados";1;"";"brazil";-28.984;-51.836
"dolcinópolis";1;"";"brazil";-20.123;-50.513
"dom basílio";1;"";"brazil";-13.76;-41.771
"dom inocêncio";1;"";"brazil";-9.002;-41.974
"dom silvério";1;"";"brazil";-20.16;-42.968
"dona francisca";1;"";"brazil";-29.622;-53.357
"dores do indaiá";1;"";"brazil";-19.463;-45.602
"dores do rio preto";1;"";"brazil";-20.689;-41.845
"douradina";1;"";"brazil";-22.04;-54.613
"dracena";4;"";"brazil";-21.483;-51.533
"duartina";3;"";"brazil";-22.414;-49.404
"duque bacelar";1;"";"brazil";-4.156;-42.944
"eldorado";2;"";"brazil";-23.787;-54.284
"encruzilhada";1;"";"brazil";-15.531;-40.909
"engenheiro beltrão";1;"";"brazil";-23.797;-52.269
"entre folhas";1;"";"brazil";-19.625;-42.231
"equador";1;"";"brazil";-6.945;-36.718
"erval grande";1;"";"brazil";-27.391;-52.571
"ervália";2;"";"brazil";-20.84;-42.657
"espírito santo do dourado";1;"";"brazil";-22.046;-45.951
"espumoso";4;"";"brazil";-28.725;-52.85
"estrela d'oeste";1;"";"brazil";-20.288;-50.401
"estrela do norte";1;"";"brazil";-22.488;-51.66
"fartura";1;"";"brazil";-23.388;-49.51
"fátima do sul";1;"";"brazil";-22.374;-54.514
"faxinal";1;"";"brazil";-24.001;-51.32
"faxinal dos guedes";2;"";"brazil";-26.853;-52.26
"faxinal do soturno";6;"";"brazil";-29.575;-53.445
"feira nova";1;"";"brazil";-10.264;-37.313
"feliz";1;"";"brazil";-29.451;-51.306
"fênix";1;"";"brazil";-23.916;-51.979
"fernando de noronha";1;"";"brazil";-3.84;-32.411
"fernando prestes";1;"";"brazil";-21.264;-48.685
"ferros";1;"";"brazil";-19.232;-43.023
"firminópolis";1;"";"brazil";-16.582;-50.305
"floreal";1;"";"brazil";-20.677;-50.145
"florestal";1;"";"brazil";-19.889;-44.433
"flórida paulista";3;"";"brazil";-21.615;-51.174
"formigueiro";1;"";"brazil";-30;-53.499
"formoso";2;"";"brazil";-13.654;-48.882
"francisco sá";1;"";"brazil";-16.476;-43.488
"frei paulo";1;"";"brazil";-10.549;-37.534
"fundão";1;"";"brazil";-19.933;-40.407
"gaurama";2;"";"brazil";-27.584;-52.094
"general câmara";1;"";"brazil";-29.905;-51.76
"general carneiro";1;"";"brazil";-15.711;-52.755
"gentio do ouro";1;"";"brazil";-11.429;-42.506
"getulina";1;"";"brazil";-21.799;-49.929
"getúlio vargas";4;"";"brazil";-27.89;-52.228
"giruá";3;"";"brazil";-28.028;-54.35
"glória de dourados";1;"";"brazil";-22.418;-54.233
"goiandira";1;"";"brazil";-18.133;-48.085
"goiatins";1;"";"brazil";-7.71;-47.314
"goioerê";3;"";"brazil";-24.185;-53.028
"guajará-mirim";2;"";"brazil";-10.783;-65.339
"guapé";1;"";"brazil";-20.762;-45.918
"guaporema";1;"";"brazil";-23.343;-52.779
"guaraçaí";1;"";"brazil";-21.028;-51.207
"guaraci";1;"";"brazil";-22.973;-51.65
"guaraí";1;"";"brazil";-8.834;-48.51
"guarani";1;"";"brazil";-21.352;-43.047
"guarani das missões";1;"";"brazil";-28.141;-54.558
"guiratinga";1;"";"brazil";-16.349;-53.758
"guiricema";1;"";"brazil";-21.008;-42.718
"gurjão";1;"";"brazil";-7.247;-36.489
"hidrolândia";1;"";"brazil";-16.962;-49.229
"horizontina";1;"";"brazil";-27.626;-54.308
"iaras";1;"";"brazil";-22.871;-49.163
"ibirá";2;"";"brazil";-21.08;-49.241
"ibiraci";1;"";"brazil";-20.462;-47.122
"ibirarema";1;"";"brazil";-22.818;-50.073
"ibirubá";1;"";"brazil";-28.628;-53.09
"ibitiara";1;"";"brazil";-12.652;-42.218
"ibituruna";1;"";"brazil";-21.153;-44.748
"icapuí";1;"";"brazil";-4.713;-37.355
"ielmo marinho";1;"";"brazil";-5.824;-35.553
"iepê";1;"";"brazil";-22.661;-51.076
"iguaí";1;"";"brazil";-14.756;-40.089
"ijaci";1;"";"brazil";-21.17;-44.925
"ilhota";1;"";"brazil";-26.9;-48.827
"ilicínea";1;"";"brazil";-20.936;-45.833
"imbé de minas";1;"";"brazil";-19.597;-41.971
"inajá";1;"";"brazil";-8.903;-37.827
"independência";2;"";"brazil";-27.833;-54.188
"indiana";2;"";"brazil";-22.174;-51.252
"indianópolis";1;"";"brazil";-19.039;-47.917
"indiaporã";2;"";"brazil";-19.98;-50.29
"ingá";1;"";"brazil";-7.268;-35.613
"inhambupe";1;"";"brazil";-11.784;-38.353
"inhapim";1;"";"brazil";-19.549;-42.12
"ipanguaçu";1;"";"brazil";-5.498;-36.855
"ipê";1;"";"brazil";-28.82;-51.279
"ipuã";1;"";"brazil";-20.438;-48.012
"ipuiúna";1;"";"brazil";-22.099;-46.19
"iraceminha";1;"";"brazil";-26.823;-53.274
"iraí";2;"";"brazil";-27.194;-53.251
"iraí de minas";1;"";"brazil";-18.984;-47.461
"irani";1;"";"brazil";-27.025;-51.902
"irapuru";2;"";"brazil";-21.571;-51.345
"iretama";2;"";"brazil";-24.424;-52.106
"irituia";2;"";"brazil";-1.769;-47.439
"itaberá";1;"";"brazil";-23.862;-49.137
"itaguaçu";1;"";"brazil";-19.802;-40.856
"itaiçaba";1;"";"brazil";-4.674;-37.822
"itainópolis";1;"";"brazil";-7.447;-41.478
"itaiópolis";2;"";"brazil";-26.336;-49.906
"itaju";1;"";"brazil";-21.981;-48.805
"itaju do colônia";1;"";"brazil";-15.143;-39.724
"itamari";1;"";"brazil";-13.778;-39.684
"itambacuri";1;"";"brazil";-18.031;-41.685
"itanhomi";1;"";"brazil";-19.172;-41.865
"itapagipe";3;"";"brazil";-19.909;-49.381
"itapiranga";4;"";"brazil";-2.749;-58.022
"itapitanga";2;"";"brazil";-14.423;-39.565
"itapuí";2;"";"brazil";-22.233;-48.719
"itarana";1;"";"brazil";-19.874;-40.875
"itarantim";1;"";"brazil";-15.66;-40.066
"itaú de minas";1;"";"brazil";-20.739;-46.752
"itirapina";2;"";"brazil";-22.253;-47.823
"itiruçu";1;"";"brazil";-13.532;-40.15
"itobi";1;"";"brazil";-21.737;-46.975
"itumirim";1;"";"brazil";-21.317;-44.871
"ituporanga";2;"";"brazil";-27.414;-49.601
"itutinga";1;"";"brazil";-21.298;-44.658
"ivaiporã";2;"";"brazil";-24.248;-51.685
"ivinhema";1;"";"brazil";-22.305;-53.815
"ivorá";4;"";"brazil";-29.52;-53.581
"jaborá";1;"";"brazil";-27.176;-51.734
"jacinto";1;"";"brazil";-16.144;-40.293
"jacuí";1;"";"brazil";-21.017;-46.741
"jaguapitã";1;"";"brazil";-23.113;-51.532
"jaguari";7;"";"brazil";-29.497;-54.69
"jaguaruna";1;"";"brazil";-28.615;-49.026
"jandaia";1;"";"brazil";-17.049;-50.146
"japurá";2;"";"brazil";-1.826;-66.599
"jardim alegre";1;"";"brazil";-24.179;-51.692
"jardim do seridó";1;"";"brazil";-6.584;-36.774
"jateí";1;"";"brazil";-22.482;-54.303
"joão alfredo";1;"";"brazil";-7.856;-35.588
"joão neiva";2;"";"brazil";-19.758;-40.386
"joaquim távora";1;"";"brazil";-23.499;-49.905
"juara";1;"";"brazil";-11.255;-57.52
"juazeiro";6;"";"brazil";-9.414;-40.503
"jucurutu";1;"";"brazil";-6.034;-37.02
"júlio mesquita";3;"";"brazil";-22.009;-49.787
"juquiá";2;"";"brazil";-24.321;-47.635
"jussara";3;"";"brazil";-15.865;-50.868
"jutaí";1;"";"brazil";-2.747;-66.767
"lagoa do ouro";1;"";"brazil";-9.127;-36.459
"lagoa formosa";1;"";"brazil";-18.779;-46.408
"lagoa seca";2;"";"brazil";-7.171;-35.854
"lajes";1;"";"brazil";-5.7;-36.245
"lambari";2;"";"brazil";-21.976;-45.35
"lauro muller";2;"";"brazil";-28.393;-49.397
"lavínia";2;"";"brazil";-21.168;-51.04
"livramento de nossa senhora";1;"";"brazil";-13.643;-41.841
"lucélia";1;"";"brazil";-21.72;-51.019
"lupionópolis";1;"";"brazil";-22.755;-51.657
"luz";1;"";"brazil";-19.801;-45.686
"macaparana";1;"";"brazil";-7.555;-35.453
"macaubal";1;"";"brazil";-20.806;-49.964
"macaúbas";1;"";"brazil";-13.019;-42.699
"macieira";1;"";"brazil";-26.856;-51.378
"magé";3;"";"brazil";-22.653;-43.041
"mairipotaba";1;"";"brazil";-17.299;-49.491
"malhador";1;"";"brazil";-10.658;-37.305
"mallet";1;"";"brazil";-25.878;-50.821
"malta";2;"";"brazil";-6.904;-37.522
"mamborê";1;"";"brazil";-24.319;-52.53
"manaíra";1;"";"brazil";-7.706;-38.154
"mandaguaçu";3;"";"brazil";-23.347;-52.095
"manduri";1;"";"brazil";-23.003;-49.322
"manicoré";1;"";"brazil";-5.809;-61.3
"mantena";4;"";"brazil";-18.782;-40.98
"maquiné";1;"";"brazil";-29.675;-50.207
"marcelino ramos";1;"";"brazil";-27.462;-51.906
"mar de espanha";1;"";"brazil";-21.867;-43.01
"mariano moro";2;"";"brazil";-27.354;-52.147
"marilândia";1;"";"brazil";-19.413;-40.542
"marilândia do sul";1;"";"brazil";-23.745;-51.308
"marliéria";1;"";"brazil";-19.712;-42.732
"martinho campos";1;"";"brazil";-19.332;-45.237
"martins";3;"";"brazil";-6.088;-37.911
"marumbi";2;"";"brazil";-23.706;-51.639
"marzagão";1;"";"brazil";-17.981;-48.641
"matelândia";2;"";"brazil";-25.241;-53.996
"matinha";1;"";"brazil";-3.101;-45.034
"matões";1;"";"brazil";-5.519;-43.199
"mauriti";1;"";"brazil";-7.389;-38.774
"mazagão";1;"";"brazil";-0.115;-51.289
"mesquita";1;"";"brazil";-22.7815;-43.4287
"mimoso do sul";1;"";"brazil";-21.064;-41.366
"minduri";1;"";"brazil";-21.682;-44.604
"mirassol";5;"";"brazil";-20.819;-49.521
"missal";1;"";"brazil";-25.092;-54.248
"missão velha";1;"";"brazil";-7.25;-39.143
"mogi guaçu";2;"";"brazil";-22.372;-46.942
"moji mirim";2;"";"brazil";-22.432;-46.958
"monções";1;"";"brazil";-20.85;-50.092
"mondaí";1;"";"brazil";-27.103;-53.402
"montanha";1;"";"brazil";-18.127;-40.363
"montanhas";1;"";"brazil";-6.486;-35.288
"monte azul";1;"";"brazil";-15.155;-42.875
"moreilândia";1;"";"brazil";-7.631;-39.551
"morros";1;"";"brazil";-2.864;-44.039
"mucambo";1;"";"brazil";-3.909;-40.747
"mucurici";1;"";"brazil";-18.093;-40.516
"mundo novo";3;"";"brazil";-13.776;-50.281
"muniz freire";1;"";"brazil";-20.464;-41.413
"muqui";1;"";"brazil";-20.952;-41.346
"muribeca";1;"";"brazil";-10.427;-36.959
"murutinga do sul";1;"";"brazil";-20.993;-51.278
"neves paulista";1;"";"brazil";-20.846;-49.63
"nossa senhora das dores";1;"";"brazil";-10.492;-37.193
"nossa senhora do livramento";1;"";"brazil";-15.775;-56.346
"nova aliança";1;"";"brazil";-21.016;-49.496
"nova alvorada";1;"";"brazil";-28.678;-52.166
"nova araçá";1;"";"brazil";-28.659;-51.745
"nova bassano";2;"";"brazil";-28.724;-51.705
"nova canaã";2;"";"brazil";-14.794;-40.142
"nova erechim";1;"";"brazil";-26.903;-52.906
"nova esperança";4;"";"brazil";-23.184;-52.205
"nova europa";2;"";"brazil";-21.778;-48.561
"nova fátima";1;"";"brazil";-23.432;-50.564
"nova iorque";1;"";"brazil";-6.734;-44.044
"nova londrina";1;"";"brazil";-22.766;-52.985
"nova olinda";2;"";"brazil";-7.632;-48.423
"nova palma";5;"";"brazil";-29.472;-53.469
"nova roma";1;"";"brazil";-13.742;-46.88
"nova serrana";1;"";"brazil";-19.876;-44.984
"nova timboteua";1;"";"brazil";-1.206;-47.386
"nova xavantina";1;"";"brazil";-14.673;-52.353
"óbidos";2;"";"brazil";-1.918;-55.518
"ocara";1;"";"brazil";-4.491;-38.597
"ocauçu";1;"";"brazil";-22.439;-49.923
"oriente";2;"";"brazil";-22.153;-50.091
"ouro";2;"";"brazil";-27.341;-51.618
"ouvidor";1;"";"brazil";-18.234;-47.839
"pacaembu";1;"";"brazil";-21.562;-51.261
"padre marcos";1;"";"brazil";-7.355;-40.904
"palhano";1;"";"brazil";-4.745;-37.959
"palmares do sul";1;"";"brazil";-30.258;-50.51
"palmeira d'oeste";1;"";"brazil";-20.416;-50.762
"palmeira dos índios";5;"";"brazil";-9.407;-36.628
"palmitinho";1;"";"brazil";-27.355;-53.555
"palmitos";2;"";"brazil";-27.068;-53.161
"pão de açúcar";1;"";"brazil";-9.748;-37.437
"paraí";1;"";"brazil";-28.594;-51.786
"paraíso do norte";1;"";"brazil";-23.281;-52.602
"paraisópolis";2;"";"brazil";-22.554;-45.78
"paranaiguara";1;"";"brazil";-18.916;-50.654
"paripiranga";1;"";"brazil";-10.688;-37.862
"pariquera-açu";1;"";"brazil";-24.715;-47.881
"pastos bons";1;"";"brazil";-6.602;-44.077
"paula cândido";1;"";"brazil";-20.874;-42.98
"paulicéia";1;"";"brazil";-21.318;-51.831
"peabiru";1;"";"brazil";-23.913;-52.343
"pedra";2;"";"brazil";-8.497;-36.941
"pedra bela";1;"";"brazil";-22.793;-46.443
"pedralva";1;"";"brazil";-22.243;-45.466
"pedras altas";1;"";"brazil";-31.732;-53.583
"pedras grandes";1;"";"brazil";-28.436;-49.185
"pedregulho";1;"";"brazil";-20.257;-47.477
"pedreiras";2;"";"brazil";-4.574;-44.597
"pedro canário";1;"";"brazil";-18.03;-40.151
"pedro osório";3;"";"brazil";-31.864;-52.823
"peixe-boi";1;"";"brazil";-1.192;-47.314
"pendências";1;"";"brazil";-5.26;-36.722
"pereiras";1;"";"brazil";-23.076;-47.976
"piacatu";1;"";"brazil";-21.592;-50.599
"piancó";1;"";"brazil";-7.198;-37.929
"piau";1;"";"brazil";-21.509;-43.323
"picuí";3;"";"brazil";-6.555;-36.349
"pilõezinhos";1;"";"brazil";-6.844;-35.531
"pinhal";1;"";"brazil";-27.511;-53.215
"pinhal grande";1;"";"brazil";-29.346;-53.307
"pinhalzinho";1;"";"brazil";-22.779;-46.591
"pinheiro machado";1;"";"brazil";-31.578;-53.381
"pio ix";1;"";"brazil";-6.838;-40.579
"piranhas";1;"";"brazil";-9.624;-37.757
"piratini";1;"";"brazil";-31.448;-53.104
"piratininga";1;"";"brazil";-22.413;-49.135
"piumhi";6;"";"brazil";-20.465;-45.958
"planalto";2;"";"brazil";-25.716;-53.766
"poço fundo";2;"";"brazil";-21.781;-45.965
"pocrane";1;"";"brazil";-19.62;-41.637
"pojuca";3;"";"brazil";-12.431;-38.328
"ponte alta";1;"";"brazil";-27.484;-50.38
"ponte serrada";1;"";"brazil";-26.872;-52.016
"porangaba";1;"";"brazil";-23.176;-48.125
"porecatu";2;"";"brazil";-22.756;-51.379
"porteirinha";2;"";"brazil";-15.743;-43.028
"porto firme";1;"";"brazil";-20.673;-43.084
"porto franco";1;"";"brazil";-6.338;-47.399
"porto nacional";1;"";"brazil";-10.708;-48.417
"potirendaba";2;"";"brazil";-21.043;-49.377
"pouso alto";1;"";"brazil";-22.194;-44.973
"presidente bernardes";3;"";"brazil";-22.006;-51.553
"presidente castelo branco";1;"";"brazil";-23.278;-52.152
"presidente getúlio";1;"";"brazil";-27.051;-49.623
"presidente olegário";2;"";"brazil";-18.418;-46.418
"princesa isabel";2;"";"brazil";-7.737;-37.993
"putinga";2;"";"brazil";-29.002;-52.154
"quatá";3;"";"brazil";-22.248;-50.698
"quatiguá";1;"";"brazil";-23.567;-49.914
"quatis";1;"";"brazil";-22.407;-44.258
"quebrangulo";1;"";"brazil";-9.319;-36.471
"quedas do iguaçu";1;"";"brazil";-25.45;-52.908
"quipapá";2;"";"brazil";-8.828;-36.012
"rafael fernandes";1;"";"brazil";-6.195;-38.226
"rancho alegre";1;"";"brazil";-23.07;-50.913
"raul soares";1;"";"brazil";-20.102;-42.453
"recreio";1;"";"brazil";-21.525;-42.469
"redenção";2;"";"brazil";-8.029;-50.031
"reginópolis";1;"";"brazil";-21.888;-49.225
"remanso";1;"";"brazil";-9.622;-42.081
"remígio";1;"";"brazil";-6.903;-35.834
"resende costa";2;"";"brazil";-20.922;-44.238
"riachão do dantas";1;"";"brazil";-11.069;-37.725
"ribeirão bonito";2;"";"brazil";-22.067;-48.176
"ribeirão do pinhal";1;"";"brazil";-23.408;-50.357
"ribeirão vermelho";2;"";"brazil";-21.191;-45.062
"rincão";3;"";"brazil";-21.587;-48.071
"rinópolis";1;"";"brazil";-21.726;-50.722
"rio doce";1;"";"brazil";-20.242;-42.907
"rio espera";1;"";"brazil";-20.855;-43.474
"rio novo";2;"";"brazil";-21.458;-43.125
"rio piracicaba";1;"";"brazil";-19.929;-43.174
"rio pomba";5;"";"brazil";-21.275;-43.179
"roca sales";2;"";"brazil";-29.284;-51.868
"rodeio bonito";1;"";"brazil";-27.471;-53.169
"ronda alta";1;"";"brazil";-27.767;-52.802
"rondinha";2;"";"brazil";-27.828;-52.91
"rondon";2;"";"brazil";-23.411;-52.761
"roque gonzales";1;"";"brazil";-28.131;-55.026
"rosana";1;"";"brazil";-22.58;-53.059
"sabará";2;"";"brazil";-19.886;-43.807
"sabinópolis";1;"";"brazil";-18.666;-43.084
"sales oliveira";1;"";"brazil";-20.772;-47.838
"salinas da margarida";1;"";"brazil";-12.871;-38.764
"saltinho";1;"";"brazil";-22.847;-47.677
"sanharó";1;"";"brazil";-8.361;-36.566
"santa adélia";2;"";"brazil";-21.243;-48.804
"santa bárbara do sul";1;"";"brazil";-28.358;-53.247
"santa juliana";1;"";"brazil";-19.309;-47.525
"santa luz";1;"";"brazil";-8.954;-44.129
"santa mariana";1;"";"brazil";-23.151;-50.519
"santana da boa vista";1;"";"brazil";-30.872;-53.115
"santana do acaraú";1;"";"brazil";-3.461;-40.212
"santa rita de caldas";1;"";"brazil";-22.029;-46.337
"santa rosa de lima";1;"";"brazil";-28.039;-49.128
"santa salete";2;"";"brazil";-20.245;-50.688
"santa tereza";1;"";"brazil";-29.169;-51.735
"santa terezinha";2;"";"brazil";-10.47;-50.503
"santo antônio da alegria";1;"";"brazil";-21.087;-47.151
"santo antônio da patrulha";1;"";"brazil";-29.818;-50.52
"santo antônio do sudoeste";3;"";"brazil";-26.07;-53.723
"santo augusto";4;"";"brazil";-27.851;-53.777
"santópolis do aguapeí";1;"";"brazil";-21.638;-50.5
"são benedito";1;"";"brazil";-4.049;-40.865
"são bento do sapucaí";1;"";"brazil";-22.689;-45.731
"são domingos";2;"";"brazil";-13.398;-46.318
"são domingos do sul";1;"";"brazil";-28.531;-51.888
"são félix";1;"";"brazil";-12.605;-38.972
"são francisco de assis";1;"";"brazil";-29.55;-55.131
"são gabriel da palha";1;"";"brazil";-19.017;-40.536
"são geraldo";2;"";"brazil";-20.923;-42.834
"são gonçalo";11;"";"brazil";-22.827;-43.054
"são gonçalo do abaeté";1;"";"brazil";-18.338;-45.833
"são gonçalo dos campos";1;"";"brazil";-12.433;-38.967
"são joão";1;"";"brazil";-8.876;-36.367
"são joão batista";1;"";"brazil";-27.276;-48.849
"são joão batista do glória";1;"";"brazil";-20.641;-46.506
"são josé do campestre";1;"";"brazil";-6.316;-35.714
"são josé do cedro";2;"";"brazil";-26.455;-53.494
"são josé do sabugi";1;"";"brazil";-6.776;-36.799
"são josé do seridó";1;"";"brazil";-6.449;-36.878
"são luís do curu";1;"";"brazil";-3.67;-39.243
"são luiz";1;"";"brazil";1.005;-60.159
"são mamede";1;"";"brazil";-6.927;-37.096
"são martinho";1;"";"brazil";-28.165;-48.979
"são martinho da serra";1;"";"brazil";-29.538;-53.855
"são miguel";1;"";"brazil";-6.212;-38.497
"são miguel arcanjo";1;"";"brazil";-23.878;-47.997
"são miguel do anta";1;"";"brazil";-20.707;-42.719
"são miguel do oeste";2;"";"brazil";-26.725;-53.518
"são paulo das missões";1;"";"brazil";-28.021;-54.936
"são pedro do sul";5;"";"brazil";-29.621;-54.179
"são pedro do turvo";1;"";"brazil";-22.747;-49.74
"são sebastião da grama";2;"";"brazil";-21.711;-46.821
"são sebastião do alto";2;"";"brazil";-21.957;-42.135
"são simão";1;"";"brazil";-18.991;-50.544
"são tiago";1;"";"brazil";-20.913;-44.509
"são tomás de aquino";1;"";"brazil";-20.784;-47.098
"são vicente do sul";1;"";"brazil";-29.692;-54.679
"são vicente ferrer";1;"";"brazil";-2.894;-44.88
"sapé";2;"";"brazil";-7.095;-35.233
"sapeaçu";3;"";"brazil";-12.728;-39.182
"sapucaia do sul";1;"";"brazil";-29.839;-51.144
"sátiro dias";1;"";"brazil";-11.6;-38.6
"seara";2;"";"brazil";-27.149;-52.311
"seberi";2;"";"brazil";-27.478;-53.403
"selbach";1;"";"brazil";-28.629;-52.953
"senador firmino";1;"";"brazil";-20.912;-43.097
"serra branca";3;"";"brazil";-7.483;-36.665
"serra negra do norte";1;"";"brazil";-6.666;-37.397
"serro";1;"";"brazil";-18.605;-43.379
"silvânia";2;"";"brazil";-16.659;-48.608
"silveirânia";2;"";"brazil";-21.159;-43.215
"silvianópolis";1;"";"brazil";-22.029;-45.835
"simonésia";1;"";"brazil";-20.124;-42.001
"siqueira campos";1;"";"brazil";-23.689;-49.834
"solonópole";1;"";"brazil";-5.733;-39.008
"sombrio";1;"";"brazil";-29.104;-49.629
"sud mennucci";1;"";"brazil";-20.691;-50.924
"sumé";1;"";"brazil";-7.672;-36.88
"tabapuã";2;"";"brazil";-20.964;-49.032
"tacaratu";1;"";"brazil";-9.106;-38.15
"taiaçu";1;"";"brazil";-21.144;-48.513
"taió";1;"";"brazil";-27.116;-49.998
"taipu";1;"";"brazil";-5.622;-35.597
"taiúva";1;"";"brazil";-21.124;-48.452
"tangará";1;"";"brazil";-27.105;-51.247
"tapejara";2;"";"brazil";-23.733;-52.873
"tapera";1;"";"brazil";-28.626;-52.87
"taperoá";1;"";"brazil";-13.538;-39.099
"tapiratiba";1;"";"brazil";-21.468;-46.749
"tarumirim";1;"";"brazil";-19.281;-42.007
"tauá";2;"";"brazil";-6.003;-40.293
"tavares";1;"";"brazil";-31.287;-51.094
"teixeiras";3;"";"brazil";-20.651;-42.857
"tenente ananias";1;"";"brazil";-6.465;-38.18
"tenente portela";1;"";"brazil";-27.371;-53.758
"terezinha";1;"";"brazil";-9.056;-36.623
"terra boa";1;"";"brazil";-23.768;-52.444
"terra rica";1;"";"brazil";-22.709;-52.617
"terra roxa";1;"";"brazil";-24.157;-54.097
"tesouro";1;"";"brazil";-16.079;-53.553
"tibau do sul";1;"";"brazil";-6.187;-35.092
"tiradentes";1;"";"brazil";-21.11;-44.178
"tocantins";2;"";"brazil";-21.175;-43.018
"tocos do moji";1;"";"brazil";-22.371;-46.096
"tomazina";1;"";"brazil";-23.778;-49.95
"torrinha";1;"";"brazil";-22.426;-48.169
"touros";1;"";"brazil";-5.199;-35.461
"traipu";1;"";"brazil";-9.971;-37.003
"três barras";1;"";"brazil";-26.106;-50.322
"triunfo";1;"";"brazil";-29.943;-51.718
"trombudo central";2;"";"brazil";-27.299;-49.79
"tucunduva";3;"";"brazil";-27.657;-54.44
"tuneiras do oeste";1;"";"brazil";-23.871;-52.876
"tupandi";1;"";"brazil";-29.476;-51.421
"tuparendi";2;"";"brazil";-27.756;-54.482
"tupi paulista";2;"";"brazil";-21.381;-51.571
"turiaçu";1;"";"brazil";-1.663;-45.372
"turvânia";1;"";"brazil";-16.614;-50.134
"turvo";3;"";"brazil";-25.043;-51.53
"ubajara";1;"";"brazil";-3.854;-40.921
"uchoa";2;"";"brazil";-20.953;-49.175
"uibaí";1;"";"brazil";-11.337;-42.133
"umari";1;"";"brazil";-6.648;-38.7
"uraí";1;"";"brazil";-23.198;-50.796
"urandi";2;"";"brazil";-14.771;-42.655
"urânia";1;"";"brazil";-20.246;-50.643
"uruana";2;"";"brazil";-15.498;-49.688
"uruburetama";1;"";"brazil";-3.625;-39.508
"uruçuí";2;"";"brazil";-7.229;-44.556
"urucurituba";1;"";"brazil";-3.131;-58.155
"urussanga";2;"";"brazil";-28.518;-49.321
"urutaí";1;"";"brazil";-17.464;-48.203
"valente";1;"";"brazil";-11.412;-39.462
"vargeão";1;"";"brazil";-26.864;-52.155
"vargem alta";1;"";"brazil";-20.671;-41.007
"vargem bonita";1;"";"brazil";-20.327;-46.366
"várzea";1;"";"brazil";-6.772;-36.992
"viadutos";1;"";"brazil";-27.569;-52.02
"victor graeff";1;"";"brazil";-28.56;-52.748
"vieiras";1;"";"brazil";-20.866;-42.244
"vila maria";1;"";"brazil";-28.535;-52.154
"vila rica";1;"";"brazil";-10.012;-51.116
"volta grande";1;"";"brazil";-21.771;-42.539
"xambrê";1;"";"brazil";-23.736;-53.49
"xaxim";2;"";"brazil";-26.962;-52.535
